Status,Category Group,Country,Companies,Funding USD
Acquired,Advertising,ARE,1,
Acquired,Advertising,ARG,1,
Acquired,Advertising,AUS,2,
Acquired,Advertising,BRA,1,
Acquired,Advertising,CAN,4,6940000.00
Acquired,Advertising,CHE,1,
Acquired,Advertising,CHL,1,
Acquired,Advertising,DEU,7,
Acquired,Advertising,DNK,1,
Acquired,Advertising,GBR,19,69401128.00
Acquired,Advertising,GRC,1,
Acquired,Advertising,IRL,1,
Acquired,Advertising,ISR,4,5300000.00
Acquired,Advertising,ITA,1,
Acquired,Advertising,JPN,1,1649029.00
Acquired,Advertising,NLD,3,
Acquired,Advertising,SGP,2,
Acquired,Advertising,USA,219,1724979258.00
Acquired,Advertising,Unknown,41,16109736.00
Acquired,Advertising,ZAF,1,
Acquired,Biotech,AUS,5,2000000.00
Acquired,Biotech,BEL,4,202803450.00
Acquired,Biotech,BRA,1,
Acquired,Biotech,CAN,13,314483505.00
Acquired,Biotech,CHE,5,175000000.00
Acquired,Biotech,CHL,1,
Acquired,Biotech,CHN,8,
Acquired,Biotech,DEU,11,43939120.00
Acquired,Biotech,DNK,5,9610000.00
Acquired,Biotech,ESP,1,16211800.00
Acquired,Biotech,FIN,1,
Acquired,Biotech,FRA,7,11187700.00
Acquired,Biotech,GBR,22,282636864.00
Acquired,Biotech,IND,2,
Acquired,Biotech,IRL,2,
Acquired,Biotech,ISR,3,27000000.00
Acquired,Biotech,ITA,3,
Acquired,Biotech,JPN,1,
Acquired,Biotech,KOR,2,
Acquired,Biotech,MMR,1,
Acquired,Biotech,NLD,6,470700000.00
Acquired,Biotech,NOR,2,
Acquired,Biotech,SGP,1,
Acquired,Biotech,SWE,7,2670000.00
Acquired,Biotech,TUN,1,
Acquired,Biotech,USA,310,4541318423.00
Acquired,Biotech,Unknown,30,78360000.00
Acquired,Consulting,AUS,4,
Acquired,Consulting,AUT,1,
Acquired,Consulting,BEL,1,
Acquired,Consulting,BRA,3,
Acquired,Consulting,CAN,2,
Acquired,Consulting,ESP,2,190000.00
Acquired,Consulting,FRA,1,
Acquired,Consulting,GBR,9,6362000.00
Acquired,Consulting,IND,2,
Acquired,Consulting,NOR,1,
Acquired,Consulting,PRT,1,
Acquired,Consulting,USA,87,218814536.00
Acquired,Consulting,Unknown,21,
Acquired,Consulting,ZAF,1,
Acquired,Ecommerce,ARE,1,
Acquired,Ecommerce,ARG,3,20000.00
Acquired,Ecommerce,AUS,3,5000000.00
Acquired,Ecommerce,AUT,1,
Acquired,Ecommerce,BEL,4,500000.00
Acquired,Ecommerce,BGR,1,65195.00
Acquired,Ecommerce,BRA,2,6000000.00
Acquired,Ecommerce,CAN,4,16049874.00
Acquired,Ecommerce,CHN,2,
Acquired,Ecommerce,DEU,7,3154636.00
Acquired,Ecommerce,ESP,2,20000000.00
Acquired,Ecommerce,FRA,3,1428500.00
Acquired,Ecommerce,GBR,19,108762937.00
Acquired,Ecommerce,IDN,1,
Acquired,Ecommerce,IND,4,
Acquired,Ecommerce,ISR,2,19000000.00
Acquired,Ecommerce,ITA,1,
Acquired,Ecommerce,JPN,2,
Acquired,Ecommerce,KOR,2,
Acquired,Ecommerce,LTU,1,
Acquired,Ecommerce,MEX,1,2000000.00
Acquired,Ecommerce,NLD,2,
Acquired,Ecommerce,RUS,2,20000000.00
Acquired,Ecommerce,SGP,4,
Acquired,Ecommerce,SWE,2,
Acquired,Ecommerce,THA,1,2000000.00
Acquired,Ecommerce,TUR,2,7500000.00
Acquired,Ecommerce,USA,132,917911875.00
Acquired,Ecommerce,Unknown,60,34795000.00
Acquired,Enterprise,AUS,3,
Acquired,Enterprise,AUT,1,
Acquired,Enterprise,BRA,1,
Acquired,Enterprise,CAN,17,120711231.00
Acquired,Enterprise,CHE,1,
Acquired,Enterprise,CHL,1,
Acquired,Enterprise,CHN,2,20000000.00
Acquired,Enterprise,DEU,4,47000000.00
Acquired,Enterprise,DNK,3,8440000.00
Acquired,Enterprise,ESP,3,1607150.00
Acquired,Enterprise,FIN,1,
Acquired,Enterprise,FRA,4,6356680.00
Acquired,Enterprise,GBR,20,7574215.00
Acquired,Enterprise,HRV,1,
Acquired,Enterprise,IRL,2,
Acquired,Enterprise,ISR,2,11500000.00
Acquired,Enterprise,JPN,2,22600000.00
Acquired,Enterprise,MYS,1,
Acquired,Enterprise,NLD,1,
Acquired,Enterprise,NZL,1,
Acquired,Enterprise,POL,1,
Acquired,Enterprise,SAU,1,
Acquired,Enterprise,SGP,2,
Acquired,Enterprise,SWE,2,
Acquired,Enterprise,USA,276,2658408979.00
Acquired,Enterprise,Unknown,56,8000000.00
Acquired,Games Video,ARG,1,
Acquired,Games Video,AUS,4,100000.00
Acquired,Games Video,CAN,9,43686668.00
Acquired,Games Video,CHE,1,
Acquired,Games Video,CHN,5,316500000.00
Acquired,Games Video,DEU,5,3616000.00
Acquired,Games Video,DNK,1,4000000.00
Acquired,Games Video,ESP,1,
Acquired,Games Video,FIN,2,
Acquired,Games Video,FRA,5,20934376.00
Acquired,Games Video,GBR,22,83300000.00
Acquired,Games Video,HKG,1,52588928.00
Acquired,Games Video,IND,1,13000000.00
Acquired,Games Video,IRL,2,4443800.00
Acquired,Games Video,ISR,1,3000000.00
Acquired,Games Video,ITA,1,600000.00
Acquired,Games Video,JPN,2,70000000.00
Acquired,Games Video,KOR,1,3200000.00
Acquired,Games Video,NLD,1,
Acquired,Games Video,SGP,1,
Acquired,Games Video,SWE,1,
Acquired,Games Video,USA,191,1471879613.00
Acquired,Games Video,Unknown,83,42651896.00
Acquired,Hardware,AUS,1,
Acquired,Hardware,CAN,2,
Acquired,Hardware,CHN,2,13500000.00
Acquired,Hardware,DEU,5,12900000.00
Acquired,Hardware,ESP,1,
Acquired,Hardware,FIN,2,1000000.00
Acquired,Hardware,FRA,1,6040000.00
Acquired,Hardware,GBR,6,
Acquired,Hardware,IRL,1,
Acquired,Hardware,ISR,4,52100000.00
Acquired,Hardware,ITA,2,
Acquired,Hardware,JPN,1,
Acquired,Hardware,KOR,2,
Acquired,Hardware,NLD,2,32408800.00
Acquired,Hardware,SWE,2,1801500.00
Acquired,Hardware,TWN,1,
Acquired,Hardware,USA,142,905734980.00
Acquired,Hardware,Unknown,23,14020000.00
Acquired,Mobile,AUS,2,
Acquired,Mobile,AUT,1,
Acquired,Mobile,CAN,19,126523520.00
Acquired,Mobile,CHE,4,12670000.00
Acquired,Mobile,CHN,4,
Acquired,Mobile,DEU,8,25014600.00
Acquired,Mobile,DNK,4,3845100.00
Acquired,Mobile,ESP,1,
Acquired,Mobile,FIN,4,8828720.00
Acquired,Mobile,FRA,3,60520000.00
Acquired,Mobile,GBR,25,460822446.00
Acquired,Mobile,IDN,1,
Acquired,Mobile,IND,2,25000000.00
Acquired,Mobile,IRL,3,1221900.00
Acquired,Mobile,ISR,5,96500000.00
Acquired,Mobile,ITA,2,
Acquired,Mobile,JPN,2,
Acquired,Mobile,MAR,1,
Acquired,Mobile,NGA,1,
Acquired,Mobile,NLD,3,403080.00
Acquired,Mobile,NZL,1,
Acquired,Mobile,POL,1,
Acquired,Mobile,PRT,1,
Acquired,Mobile,RUS,1,
Acquired,Mobile,SGP,2,1000000.00
Acquired,Mobile,SWE,3,5792000.00
Acquired,Mobile,TUR,1,
Acquired,Mobile,USA,240,8947447068.00
Acquired,Mobile,Unknown,69,68333750.00
Acquired,Mobile,ZAF,2,
Acquired,Other,ARE,1,
Acquired,Other,ARG,3,24720000.00
Acquired,Other,AUS,12,
Acquired,Other,AUT,5,36760000.00
Acquired,Other,BEL,3,47511678.00
Acquired,Other,BMU,1,
Acquired,Other,BRA,4,200000000.00
Acquired,Other,CAN,44,262584400.00
Acquired,Other,CHE,6,416310000.00
Acquired,Other,CHN,7,31030000.00
Acquired,Other,CYM,1,
Acquired,Other,CZE,3,1400000.00
Acquired,Other,DEU,22,169834350.00
Acquired,Other,DNK,2,10380000.00
Acquired,Other,ESP,7,44857330.00
Acquired,Other,FIN,3,2685650.00
Acquired,Other,FRA,18,186744550.00
Acquired,Other,GBR,82,339443593.00
Acquired,Other,GHA,1,
Acquired,Other,HKG,1,
Acquired,Other,HUN,2,
Acquired,Other,IND,12,47250000.00
Acquired,Other,IRL,7,35642230.00
Acquired,Other,ISR,25,216500000.00
Acquired,Other,ITA,6,9698775.00
Acquired,Other,JPN,4,10000.00
Acquired,Other,KEN,1,
Acquired,Other,KOR,1,
Acquired,Other,LBN,1,
Acquired,Other,LTU,1,
Acquired,Other,MDA,1,
Acquired,Other,MEX,2,96250000.00
Acquired,Other,NCL,1,
Acquired,Other,NLD,8,65850.00
Acquired,Other,NOR,7,35709000.00
Acquired,Other,NZL,1,
Acquired,Other,PAK,1,
Acquired,Other,PHL,1,
Acquired,Other,PRT,1,27500000.00
Acquired,Other,RUS,2,
Acquired,Other,SGP,4,1000000.00
Acquired,Other,SWE,6,41680724.00
Acquired,Other,THA,1,
Acquired,Other,TWN,2,
Acquired,Other,UMI,1,30500000.00
Acquired,Other,USA,1028,11879812193.00
Acquired,Other,Unknown,210,597945352.00
Acquired,Other,ZAF,4,
Acquired,Software,ANT,1,
Acquired,Software,ARG,2,1500000.00
Acquired,Software,AUS,15,3850000.00
Acquired,Software,AUT,3,4890000.00
Acquired,Software,BEL,4,10669070.00
Acquired,Software,BGR,1,150000.00
Acquired,Software,BRA,2,
Acquired,Software,CAN,58,118343000.00
Acquired,Software,CHE,9,74400000.00
Acquired,Software,CHL,1,25000.00
Acquired,Software,CHN,3,
Acquired,Software,DEU,23,132605400.00
Acquired,Software,DNK,3,7499311.00
Acquired,Software,ESP,6,12805130.00
Acquired,Software,FIN,3,2022100.00
Acquired,Software,FRA,26,114240000.00
Acquired,Software,GBR,87,278522619.00
Acquired,Software,IND,13,104000000.00
Acquired,Software,IRL,6,35701000.00
Acquired,Software,ISR,16,135349997.00
Acquired,Software,ITA,6,129590.00
Acquired,Software,JPN,1,
Acquired,Software,KOR,1,4000000.00
Acquired,Software,LUX,1,76805032.00
Acquired,Software,NLD,12,7750000.00
Acquired,Software,NOR,4,7000000.00
Acquired,Software,NZL,2,
Acquired,Software,POL,1,155000.00
Acquired,Software,SGP,1,
Acquired,Software,SWE,17,48431600.00
Acquired,Software,URY,1,800000.00
Acquired,Software,USA,983,5551818088.00
Acquired,Software,Unknown,152,161512496.00
Acquired,Software,ZAF,2,5150000.00
Acquired,Unknown,AIA,1,
Acquired,Unknown,ARG,1,
Acquired,Unknown,AUS,25,
Acquired,Unknown,AUT,2,
Acquired,Unknown,BEL,2,
Acquired,Unknown,BRA,5,
Acquired,Unknown,CAN,50,
Acquired,Unknown,CHE,3,
Acquired,Unknown,CHN,9,82000000.00
Acquired,Unknown,CZE,1,
Acquired,Unknown,DEU,18,799000.00
Acquired,Unknown,DNK,6,12543000.00
Acquired,Unknown,ESP,9,
Acquired,Unknown,FIN,4,
Acquired,Unknown,FRA,10,
Acquired,Unknown,GBR,102,67821131.00
Acquired,Unknown,HKG,2,
Acquired,Unknown,HRV,1,
Acquired,Unknown,IND,7,
Acquired,Unknown,IRL,7,20199800.00
Acquired,Unknown,ISR,12,10250000.00
Acquired,Unknown,ITA,3,573315.00
Acquired,Unknown,JPN,10,
Acquired,Unknown,KOR,4,
Acquired,Unknown,MEX,1,
Acquired,Unknown,MYS,4,
Acquired,Unknown,NLD,11,19000000.00
Acquired,Unknown,NOR,5,
Acquired,Unknown,NZL,2,
Acquired,Unknown,PAK,1,
Acquired,Unknown,PHL,1,
Acquired,Unknown,POL,2,
Acquired,Unknown,PRT,1,
Acquired,Unknown,RUS,2,
Acquired,Unknown,SGP,3,
Acquired,Unknown,SWE,10,1060000.00
Acquired,Unknown,TWN,4,
Acquired,Unknown,USA,764,703438072.00
Acquired,Unknown,Unknown,1736,163868200.00
Acquired,Unknown,VGB,1,
Acquired,Unknown,ZAF,7,
Acquired,Web,ARG,1,
Acquired,Web,AUS,7,4200000.00
Acquired,Web,AUT,1,101475.00
Acquired,Web,BRA,3,
Acquired,Web,CAN,21,34348601.00
Acquired,Web,CHE,2,2970000.00
Acquired,Web,CHL,1,
Acquired,Web,CHN,2,32000000.00
Acquired,Web,CSS,1,
Acquired,Web,DEU,12,65068024.00
Acquired,Web,DNK,2,457590.00
Acquired,Web,ESP,1,
Acquired,Web,FIN,1,
Acquired,Web,FRA,7,16000000.00
Acquired,Web,GBR,29,15071772.00
Acquired,Web,HKG,1,
Acquired,Web,HUN,1,80000.00
Acquired,Web,IDN,1,
Acquired,Web,IND,4,
Acquired,Web,IRL,3,25000000.00
Acquired,Web,ISR,7,9400000.00
Acquired,Web,ITA,2,3474608.00
Acquired,Web,JOR,1,5250000.00
Acquired,Web,JPN,2,
Acquired,Web,KOR,1,
Acquired,Web,MYS,1,48500000.00
Acquired,Web,NLD,2,
Acquired,Web,PRT,1,
Acquired,Web,RUS,2,
Acquired,Web,SGP,2,3350000.00
Acquired,Web,SWE,4,5100000.00
Acquired,Web,USA,602,3045517954.00
Acquired,Web,Unknown,243,26561298.00
Closed,Advertising,ARE,1,
Closed,Advertising,ARG,1,4912394.00
Closed,Advertising,AUS,2,1100000.00
Closed,Advertising,BRA,2,800000.00
Closed,Advertising,CAN,3,3101463.00
Closed,Advertising,CHN,3,30000000.00
Closed,Advertising,DEU,1,167600.00
Closed,Advertising,DNK,1,600000.00
Closed,Advertising,DOM,1,2000000.00
Closed,Advertising,FRA,1,
Closed,Advertising,GBR,5,474176.00
Closed,Advertising,ISR,3,16000000.00
Closed,Advertising,ITA,1,1507400.00
Closed,Advertising,NOR,1,2600000.00
Closed,Advertising,RUS,1,1000000.00
Closed,Advertising,SGP,2,300000.00
Closed,Advertising,USA,49,157431637.00
Closed,Advertising,Unknown,17,16607608.00
Closed,Biotech,AUS,1,22500000.00
Closed,Biotech,AUT,1,8610000.00
Closed,Biotech,CAN,2,27900000.00
Closed,Biotech,CHE,1,12483000.00
Closed,Biotech,CHN,1,22392121.00
Closed,Biotech,DEU,3,17071648.00
Closed,Biotech,ESP,2,122116500.00
Closed,Biotech,FIN,1,6230000.00
Closed,Biotech,FRA,4,60175000.00
Closed,Biotech,GBR,7,31715317.00
Closed,Biotech,HKG,1,24000000.00
Closed,Biotech,HUN,1,300000.00
Closed,Biotech,ISR,1,18000000.00
Closed,Biotech,MYS,1,15398911.00
Closed,Biotech,NLD,1,
Closed,Biotech,NZL,1,5100000.00
Closed,Biotech,SGP,1,143500000.00
Closed,Biotech,SWE,3,3845100.00
Closed,Biotech,USA,79,1711960961.00
Closed,Biotech,Unknown,5,37704203.00
Closed,Consulting,CHN,1,7000.00
Closed,Consulting,ESP,1,1930000.00
Closed,Consulting,GBR,4,24930000.00
Closed,Consulting,KEN,1,
Closed,Consulting,LUX,1,66230.00
Closed,Consulting,PAK,1,100000.00
Closed,Consulting,SGP,1,15000.00
Closed,Consulting,USA,13,57255500.00
Closed,Consulting,Unknown,7,5474000.00
Closed,Consulting,ZAF,1,60000.00
Closed,Ecommerce,ARG,1,250000.00
Closed,Ecommerce,AUS,2,
Closed,Ecommerce,BRA,1,6000000.00
Closed,Ecommerce,CAN,4,1207655.00
Closed,Ecommerce,CHE,1,138000.00
Closed,Ecommerce,CHN,4,510000.00
Closed,Ecommerce,DEU,4,
Closed,Ecommerce,DNK,1,
Closed,Ecommerce,ESP,3,692850.00
Closed,Ecommerce,FRA,2,4126080.00
Closed,Ecommerce,GBR,14,9983857.00
Closed,Ecommerce,IDN,1,26600000.00
Closed,Ecommerce,IND,3,245000.00
Closed,Ecommerce,ISR,2,2800000.00
Closed,Ecommerce,JPN,1,100000.00
Closed,Ecommerce,ROM,1,233100.00
Closed,Ecommerce,RUS,3,1722500.00
Closed,Ecommerce,SGP,2,727000.00
Closed,Ecommerce,SWE,1,697792.00
Closed,Ecommerce,USA,72,123302500.00
Closed,Ecommerce,Unknown,37,9063466.00
Closed,Ecommerce,ZAF,1,
Closed,Enterprise,ARE,1,5000.00
Closed,Enterprise,AUS,1,
Closed,Enterprise,BEL,1,
Closed,Enterprise,CAN,1,1000000.00
Closed,Enterprise,DEU,1,235350.00
Closed,Enterprise,FRA,1,5540000.00
Closed,Enterprise,GBR,3,34224300.00
Closed,Enterprise,HKG,1,6500000.00
Closed,Enterprise,IRL,2,169298.00
Closed,Enterprise,NLD,1,5666100.00
Closed,Enterprise,RUS,1,
Closed,Enterprise,UGA,1,100000.00
Closed,Enterprise,USA,46,263883121.00
Closed,Enterprise,Unknown,7,10872220.00
Closed,Games Video,ARG,1,
Closed,Games Video,BEL,1,4720000.00
Closed,Games Video,BRA,1,
Closed,Games Video,CAN,6,4593180.00
Closed,Games Video,CHN,3,10500000.00
Closed,Games Video,CRI,1,350000.00
Closed,Games Video,CZE,1,
Closed,Games Video,DEU,4,6402392.00
Closed,Games Video,DNK,2,
Closed,Games Video,ESP,5,7820000.00
Closed,Games Video,EST,1,81439.00
Closed,Games Video,FIN,1,134250.00
Closed,Games Video,FRA,4,2500000.00
Closed,Games Video,GBR,11,32266820.00
Closed,Games Video,HKG,1,400000.00
Closed,Games Video,IND,2,8750000.00
Closed,Games Video,IRL,3,263400.00
Closed,Games Video,ISR,1,4500000.00
Closed,Games Video,NLD,1,500000.00
Closed,Games Video,NOR,1,
Closed,Games Video,RUS,2,
Closed,Games Video,SWE,1,
Closed,Games Video,USA,104,467176772.00
Closed,Games Video,Unknown,43,61263000.00
Closed,Hardware,ARE,1,
Closed,Hardware,AUS,1,6100000.00
Closed,Hardware,BEL,1,5765000.00
Closed,Hardware,CAN,3,42340000.00
Closed,Hardware,CHN,2,4610000.00
Closed,Hardware,DEU,1,1560000.00
Closed,Hardware,ESP,1,
Closed,Hardware,FRA,2,26374000.00
Closed,Hardware,GBR,5,13332000.00
Closed,Hardware,HUN,1,5980000.00
Closed,Hardware,ISR,3,22450000.00
Closed,Hardware,MYS,1,
Closed,Hardware,POL,1,500000.00
Closed,Hardware,SWE,1,2070000.00
Closed,Hardware,USA,42,629835500.00
Closed,Hardware,Unknown,9,8608900.00
Closed,Mobile,ARG,1,
Closed,Mobile,AUS,1,30000.00
Closed,Mobile,AUT,1,
Closed,Mobile,BEL,1,50000.00
Closed,Mobile,BRA,1,60000.00
Closed,Mobile,CAN,7,25563926.00
Closed,Mobile,CHE,1,515000000.00
Closed,Mobile,CHL,1,100000.00
Closed,Mobile,CHN,2,3520000.00
Closed,Mobile,DEU,5,3000000.00
Closed,Mobile,DNK,1,25000.00
Closed,Mobile,ESP,1,592000.00
Closed,Mobile,EST,1,
Closed,Mobile,FRA,5,16480080.00
Closed,Mobile,GBR,9,3615551.00
Closed,Mobile,GIN,1,1000000.00
Closed,Mobile,IND,1,1700000.00
Closed,Mobile,IRL,2,1607075.00
Closed,Mobile,ISR,5,12650000.00
Closed,Mobile,ITA,3,44403420.00
Closed,Mobile,JPN,1,5000000.00
Closed,Mobile,NLD,1,500000.00
Closed,Mobile,RUS,1,40000000.00
Closed,Mobile,SAU,1,6000000.00
Closed,Mobile,SGP,2,94000.00
Closed,Mobile,SOM,1,2000000.00
Closed,Mobile,SWE,1,
Closed,Mobile,USA,87,627476715.00
Closed,Mobile,Unknown,26,383340221.00
Closed,Mobile,ZAF,1,
Closed,Other,ARE,1,
Closed,Other,ARG,1,1000000.00
Closed,Other,AUS,6,2007500.00
Closed,Other,AUT,3,9685555.00
Closed,Other,BEL,3,7152900.00
Closed,Other,BEN,1,
Closed,Other,BRA,3,45400000.00
Closed,Other,CAN,17,131297500.00
Closed,Other,CHE,4,30750000.00
Closed,Other,CHN,5,38600000.00
Closed,Other,DEU,12,190418080.00
Closed,Other,DNK,3,19311.00
Closed,Other,EGY,1,
Closed,Other,ESP,8,19721666.00
Closed,Other,FRA,3,2712875.00
Closed,Other,GBR,46,478176182.00
Closed,Other,GRC,1,1595790.00
Closed,Other,HKG,1,7000000.00
Closed,Other,HUN,1,1100000.00
Closed,Other,IDN,1,500000.00
Closed,Other,IND,11,77045000.00
Closed,Other,IRL,3,1026550.00
Closed,Other,ISL,1,16000.00
Closed,Other,ISR,17,98193663.00
Closed,Other,ITA,4,18484335.00
Closed,Other,JOR,1,73350.00
Closed,Other,JPN,2,14560000.00
Closed,Other,KOR,3,42980000.00
Closed,Other,LVA,1,
Closed,Other,MYS,1,650000.00
Closed,Other,NGA,1,100000.00
Closed,Other,NLD,5,18152865.00
Closed,Other,NOR,4,93640000.00
Closed,Other,NZL,1,18000000.00
Closed,Other,PER,1,50000.00
Closed,Other,PHL,1,
Closed,Other,ROM,1,
Closed,Other,RUS,4,3470000.00
Closed,Other,SGP,6,250000.00
Closed,Other,SVN,1,252040.00
Closed,Other,SWE,3,84620000.00
Closed,Other,THA,1,4510000.00
Closed,Other,USA,341,3976873148.00
Closed,Other,Unknown,112,100562832.00
Closed,Other,ZAF,2,500000.00
Closed,Software,AUS,2,3850000.00
Closed,Software,AUT,1,160000.00
Closed,Software,BEL,1,
Closed,Software,BRA,2,250000.00
Closed,Software,CAN,9,18392402.00
Closed,Software,CHE,1,692000.00
Closed,Software,CHN,4,112700000.00
Closed,Software,DEU,5,1923414.00
Closed,Software,DNK,3,4729311.00
Closed,Software,ESP,4,2144000.00
Closed,Software,FIN,2,260000.00
Closed,Software,FRA,7,23483210.00
Closed,Software,GBR,18,60629345.00
Closed,Software,GRC,1,20660.00
Closed,Software,HKG,1,101000.00
Closed,Software,IND,6,10020000.00
Closed,Software,IRL,2,2461440.00
Closed,Software,ISL,1,
Closed,Software,ISR,7,44990000.00
Closed,Software,ITA,3,10091561.00
Closed,Software,JOR,1,
Closed,Software,JPN,1,60000.00
Closed,Software,LVA,1,376000.00
Closed,Software,MEX,1,20000.00
Closed,Software,MYS,1,90000.00
Closed,Software,NOR,2,7700000.00
Closed,Software,NZL,3,1076000.00
Closed,Software,PAK,1,25000.00
Closed,Software,PHL,1,5000.00
Closed,Software,POL,1,7208.00
Closed,Software,RUS,2,18705000.00
Closed,Software,SWE,5,5161966.00
Closed,Software,SYC,1,35000.00
Closed,Software,TUR,1,100000.00
Closed,Software,USA,169,1009566588.00
Closed,Software,Unknown,42,183152676.00
Closed,Software,VNM,1,3500000.00
Closed,Unknown,AUT,1,18852.00
Closed,Unknown,CAN,2,1290000.00
Closed,Unknown,DEU,2,767000.00
Closed,Unknown,DNK,2,24116800.00
Closed,Unknown,FRA,1,13960000.00
Closed,Unknown,GBR,4,30360992.00
Closed,Unknown,IRL,2,1669315.00
Closed,Unknown,ISR,2,4450000.00
Closed,Unknown,ITA,2,2056000.00
Closed,Unknown,USA,27,215815755.00
Closed,Unknown,Unknown,45,100260652.00
Closed,Web,ARG,1,100000.00
Closed,Web,AUS,4,
Closed,Web,BEL,1,100000.00
Closed,Web,BRA,3,10000.00
Closed,Web,CAN,16,13821356.00
Closed,Web,CHE,3,5600000.00
Closed,Web,CHL,1,6000.00
Closed,Web,CHN,9,32020000.00
Closed,Web,DEU,7,1806385.00
Closed,Web,ESP,1,
Closed,Web,EST,1,941288.00
Closed,Web,FIN,3,1613875.00
Closed,Web,FRA,9,4659667.00
Closed,Web,GBR,33,15319224.00
Closed,Web,HKG,4,100000.00
Closed,Web,IDN,1,100000.00
Closed,Web,IND,5,40000.00
Closed,Web,IRL,5,1666000.00
Closed,Web,ISR,8,5900000.00
Closed,Web,ITA,2,
Closed,Web,KOR,2,3100000.00
Closed,Web,MEX,2,50000.00
Closed,Web,MYS,1,40000.00
Closed,Web,NIC,1,
Closed,Web,NLD,5,1164773.00
Closed,Web,NOR,1,
Closed,Web,NZL,2,650000.00
Closed,Web,PRT,1,1476100.00
Closed,Web,RUS,4,3400000.00
Closed,Web,SGP,4,15565000.00
Closed,Web,SWE,1,130295.00
Closed,Web,TWN,1,300000.00
Closed,Web,USA,325,666913202.00
Closed,Web,Unknown,144,104078940.00
IPO,Advertising,CHN,3,20780000.00
IPO,Advertising,FRA,1,63360000.00
IPO,Advertising,GBR,1,68138720.00
IPO,Advertising,NLD,1,
IPO,Advertising,USA,18,968151908.00
IPO,Biotech,AUS,3,7923000.00
IPO,Biotech,BEL,1,41356350.00
IPO,Biotech,CAN,9,98193177.00
IPO,Biotech,CHE,1,
IPO,Biotech,DEU,2,153070000.00
IPO,Biotech,FRA,2,149000000.00
IPO,Biotech,GBR,2,610500000.00
IPO,Biotech,IRL,1,
IPO,Biotech,ISR,8,21300000.00
IPO,Biotech,NLD,1,55072800.00
IPO,Biotech,NOR,1,
IPO,Biotech,SWE,1,10198952.00
IPO,Biotech,TWN,1,22000000.00
IPO,Biotech,USA,210,8498619345.00
IPO,Biotech,Unknown,4,43500000.00
IPO,Consulting,CAN,1,
IPO,Consulting,CHN,3,45000000.00
IPO,Consulting,IND,1,
IPO,Consulting,USA,15,145123499.00
IPO,Consulting,Unknown,1,
IPO,Ecommerce,ARG,1,
IPO,Ecommerce,CHN,3,423000000.00
IPO,Ecommerce,USA,18,940861213.00
IPO,Ecommerce,Unknown,3,5800000.00
IPO,Enterprise,CAN,2,24301947.00
IPO,Enterprise,CHE,1,
IPO,Enterprise,CZE,1,20000000.00
IPO,Enterprise,DEU,1,
IPO,Enterprise,GBR,1,
IPO,Enterprise,IND,1,
IPO,Enterprise,ISR,1,2850000.00
IPO,Enterprise,LUX,1,
IPO,Enterprise,SWE,1,
IPO,Enterprise,USA,42,738016339.00
IPO,Enterprise,Unknown,1,
IPO,Enterprise,ZAF,1,
IPO,Games Video,CHN,4,126000000.00
IPO,Games Video,JPN,2,23560486.00
IPO,Games Video,KOR,1,80000000.00
IPO,Games Video,MYS,1,551200000.00
IPO,Games Video,USA,19,1936525471.00
IPO,Games Video,Unknown,4,
IPO,Hardware,CAN,1,1000000000.00
IPO,Hardware,CHE,1,
IPO,Hardware,DEU,2,8900000.00
IPO,Hardware,GBR,2,
IPO,Hardware,ISR,1,
IPO,Hardware,NLD,1,
IPO,Hardware,USA,78,1690256081.00
IPO,Hardware,Unknown,4,9300000.00
IPO,Mobile,AUS,1,
IPO,Mobile,CHN,4,36800000.00
IPO,Mobile,FIN,1,
IPO,Mobile,GBR,2,10200000.00
IPO,Mobile,ISR,3,5000000.00
IPO,Mobile,ITA,1,
IPO,Mobile,JPN,2,
IPO,Mobile,KOR,1,
IPO,Mobile,NLD,2,56065510.00
IPO,Mobile,RUS,1,
IPO,Mobile,USA,29,4764823326.00
IPO,Mobile,Unknown,2,
IPO,Other,AUS,2,1260000.00
IPO,Other,CAN,10,177600000.00
IPO,Other,CHE,3,2700000.00
IPO,Other,CHN,9,540200000.00
IPO,Other,CZE,1,252000000.00
IPO,Other,DEU,1,6844560.00
IPO,Other,FRA,3,
IPO,Other,GBR,5,208923263.00
IPO,Other,IND,3,95000000.00
IPO,Other,ISR,3,94303103.00
IPO,Other,JPN,4,
IPO,Other,NLD,2,
IPO,Other,RUS,1,5300000.00
IPO,Other,SGP,1,
IPO,Other,TWN,3,
IPO,Other,USA,320,16553891091.00
IPO,Other,Unknown,9,1069656416.00
IPO,Software,CAN,5,
IPO,Software,CHN,3,
IPO,Software,GBR,2,
IPO,Software,ISR,3,
IPO,Software,JPN,1,
IPO,Software,NOR,1,13168035.00
IPO,Software,RUS,1,
IPO,Software,SGP,1,
IPO,Software,USA,95,1949611398.00
IPO,Software,Unknown,2,
IPO,Unknown,AUS,1,
IPO,Unknown,CAN,3,
IPO,Unknown,GBR,2,
IPO,Unknown,JPN,1,
IPO,Unknown,USA,39,108248354.00
IPO,Unknown,Unknown,6,5601745.00
IPO,Web,CAN,2,
IPO,Web,CHN,1,
IPO,Web,GBR,2,
IPO,Web,ISR,1,58500000.00
IPO,Web,JPN,1,
IPO,Web,USA,38,2630549187.00
IPO,Web,Unknown,2,575000000.00
Operating,Advertising,ARE,13,3950000.00
Operating,Advertising,ARG,35,2215000.00
Operating,Advertising,AUS,79,15231000.00
Operating,Advertising,AUT,6,
Operating,Advertising,AZE,1,100000.00
Operating,Advertising,BEL,12,5153940.00
Operating,Advertising,BGD,4,21750000.00
Operating,Advertising,BGR,4,70970.00
Operating,Advertising,BLR,1,
Operating,Advertising,BLZ,1,
Operating,Advertising,BRA,25,3967300.00
Operating,Advertising,CAN,182,80506777.00
Operating,Advertising,CHE,10,7000000.00
Operating,Advertising,CHL,4,80000.00
Operating,Advertising,CHN,36,200672500.00
Operating,Advertising,COL,5,75000.00
Operating,Advertising,CRI,3,
Operating,Advertising,CSS,2,
Operating,Advertising,CYP,2,
Operating,Advertising,CZE,5,1793100.00
Operating,Advertising,DEU,62,109919331.00
Operating,Advertising,DNK,11,
Operating,Advertising,DOM,1,
Operating,Advertising,EGY,4,
Operating,Advertising,ESP,45,12313210.00
Operating,Advertising,EST,1,
Operating,Advertising,ETH,1,
Operating,Advertising,FIN,11,5610910.00
Operating,Advertising,FRA,66,81154365.00
Operating,Advertising,GBR,363,519481969.00
Operating,Advertising,GEO,1,
Operating,Advertising,GHA,3,
Operating,Advertising,GLP,1,517560.00
Operating,Advertising,GRC,4,
Operating,Advertising,GTM,1,
Operating,Advertising,HKG,10,17600000.00
Operating,Advertising,HRV,3,
Operating,Advertising,HTI,1,
Operating,Advertising,HUN,5,
Operating,Advertising,IDN,10,250000.00
Operating,Advertising,IND,184,231037000.00
Operating,Advertising,IRL,32,9932179.00
Operating,Advertising,ISR,68,94530000.00
Operating,Advertising,ITA,29,11881726.00
Operating,Advertising,JAM,3,
Operating,Advertising,JPN,25,43076779.00
Operating,Advertising,KAZ,1,
Operating,Advertising,KOR,8,8780000.00
Operating,Advertising,KWT,2,
Operating,Advertising,LAO,1,
Operating,Advertising,LBN,1,
Operating,Advertising,LKA,1,
Operating,Advertising,LTU,3,500000.00
Operating,Advertising,LUX,1,5000000.00
Operating,Advertising,LVA,3,
Operating,Advertising,MAR,2,
Operating,Advertising,MDA,1,
Operating,Advertising,MEX,11,
Operating,Advertising,MKD,3,
Operating,Advertising,MTQ,2,
Operating,Advertising,MYS,8,
Operating,Advertising,NGA,8,
Operating,Advertising,NLD,42,25136686.00
Operating,Advertising,NOR,3,5039820.00
Operating,Advertising,NPL,1,
Operating,Advertising,NZL,6,75000.00
Operating,Advertising,OMN,1,
Operating,Advertising,PAK,11,
Operating,Advertising,PER,3,
Operating,Advertising,PHL,10,
Operating,Advertising,POL,17,
Operating,Advertising,PRT,11,18885.00
Operating,Advertising,PRY,1,
Operating,Advertising,QAT,2,
Operating,Advertising,REU,1,146240.00
Operating,Advertising,ROM,18,4500000.00
Operating,Advertising,RUS,24,94630000.00
Operating,Advertising,SGP,27,21207500.00
Operating,Advertising,SVK,1,
Operating,Advertising,SVN,3,
Operating,Advertising,SWE,29,45795935.00
Operating,Advertising,SYC,1,
Operating,Advertising,THA,3,
Operating,Advertising,TTO,1,
Operating,Advertising,TUR,23,
Operating,Advertising,TWN,5,
Operating,Advertising,UKR,7,20000.00
Operating,Advertising,UMI,1,
Operating,Advertising,URY,3,25000.00
Operating,Advertising,USA,2293,7553997342.00
Operating,Advertising,Unknown,1662,40033181.00
Operating,Advertising,VEN,1,
Operating,Advertising,VGB,1,
Operating,Advertising,VNM,7,
Operating,Advertising,ZAF,16,20000000.00
Operating,Advertising,ZWE,1,
Operating,Biotech,ALB,1,1900000.00
Operating,Biotech,ARE,1,12000000.00
Operating,Biotech,ARG,3,
Operating,Biotech,AUS,37,184832128.00
Operating,Biotech,AUT,14,213152765.00
Operating,Biotech,BEL,19,316560480.00
Operating,Biotech,BGR,1,
Operating,Biotech,BRA,7,2705000.00
Operating,Biotech,CAN,117,704344666.00
Operating,Biotech,CHE,47,979234239.00
Operating,Biotech,CHL,2,
Operating,Biotech,CHN,22,239132002.00
Operating,Biotech,CSS,1,
Operating,Biotech,CYM,1,
Operating,Biotech,DEU,95,1276244882.00
Operating,Biotech,DNK,27,694440368.00
Operating,Biotech,ESP,34,133029956.00
Operating,Biotech,EST,1,
Operating,Biotech,FIN,11,184106976.00
Operating,Biotech,FRA,76,698530369.00
Operating,Biotech,GBR,188,1878320615.00
Operating,Biotech,GRC,1,
Operating,Biotech,HKG,3,15000000.00
Operating,Biotech,HUN,1,
Operating,Biotech,IND,43,167323899.00
Operating,Biotech,IRL,16,71192780.00
Operating,Biotech,ISL,1,2000000.00
Operating,Biotech,ISR,62,545824854.00
Operating,Biotech,ITA,17,34635322.00
Operating,Biotech,JPN,13,64967989.00
Operating,Biotech,KOR,5,6000000.00
Operating,Biotech,LTU,2,
Operating,Biotech,LUX,1,20000000.00
Operating,Biotech,LVA,1,
Operating,Biotech,MEX,2,
Operating,Biotech,MYS,1,
Operating,Biotech,NLD,27,408701620.00
Operating,Biotech,NOR,11,112590078.00
Operating,Biotech,NZL,2,6278203.00
Operating,Biotech,POL,2,389000.00
Operating,Biotech,PRT,7,1944410.00
Operating,Biotech,ROM,1,68630.00
Operating,Biotech,RUS,3,5700000.00
Operating,Biotech,SGP,8,99415152.00
Operating,Biotech,SWE,40,201120555.00
Operating,Biotech,SWZ,2,51141000.00
Operating,Biotech,TWN,4,242474040.00
Operating,Biotech,UKR,1,
Operating,Biotech,USA,2402,38331281325.00
Operating,Biotech,Unknown,226,779593482.00
Operating,Biotech,ZAF,1,2850000.00
Operating,Consulting,AGO,1,
Operating,Consulting,ANT,1,
Operating,Consulting,ARE,10,
Operating,Consulting,ARG,11,
Operating,Consulting,AUS,69,500000.00
Operating,Consulting,AUT,4,1100000.00
Operating,Consulting,BEL,11,100000.00
Operating,Consulting,BGD,3,
Operating,Consulting,BGR,2,
Operating,Consulting,BHR,1,
Operating,Consulting,BLR,1,
Operating,Consulting,BRA,20,100006000.00
Operating,Consulting,CAN,138,17507321.00
Operating,Consulting,CHE,21,1280000.00
Operating,Consulting,CHL,2,
Operating,Consulting,CHN,22,25050000.00
Operating,Consulting,CMR,2,
Operating,Consulting,COL,6,
Operating,Consulting,CRI,3,
Operating,Consulting,CSS,2,
Operating,Consulting,CYP,4,
Operating,Consulting,CZE,3,
Operating,Consulting,DEU,51,20048760.00
Operating,Consulting,DNK,11,
Operating,Consulting,DOM,1,
Operating,Consulting,EGY,1,150000.00
Operating,Consulting,ESP,50,4101790.00
Operating,Consulting,EST,5,1286600.00
Operating,Consulting,FIN,22,
Operating,Consulting,FRA,70,49091300.00
Operating,Consulting,GBR,343,211619218.00
Operating,Consulting,GHA,2,
Operating,Consulting,GRC,7,680750.00
Operating,Consulting,HKG,7,
Operating,Consulting,HRV,1,
Operating,Consulting,HUN,3,
Operating,Consulting,IDN,10,
Operating,Consulting,IND,227,67225000.00
Operating,Consulting,IRL,16,
Operating,Consulting,ISL,1,
Operating,Consulting,ISR,18,
Operating,Consulting,ITA,28,
Operating,Consulting,JAM,1,
Operating,Consulting,JOR,1,162000.00
Operating,Consulting,JPN,14,159377.00
Operating,Consulting,KEN,4,17000000.00
Operating,Consulting,KOR,1,
Operating,Consulting,KWT,2,
Operating,Consulting,LBN,2,
Operating,Consulting,LIE,1,
Operating,Consulting,LKA,1,
Operating,Consulting,LTU,2,
Operating,Consulting,LUX,4,
Operating,Consulting,MEX,6,
Operating,Consulting,MTQ,1,
Operating,Consulting,MUS,1,
Operating,Consulting,MYS,2,
Operating,Consulting,NGA,5,
Operating,Consulting,NLD,25,
Operating,Consulting,NOR,8,
Operating,Consulting,NZL,7,
Operating,Consulting,PAK,14,
Operating,Consulting,PAN,2,
Operating,Consulting,PER,2,
Operating,Consulting,PHL,8,
Operating,Consulting,POL,8,4230300.00
Operating,Consulting,PRI,2,
Operating,Consulting,PRT,12,1044000.00
Operating,Consulting,PRY,1,
Operating,Consulting,QAT,1,
Operating,Consulting,REU,1,
Operating,Consulting,ROM,7,
Operating,Consulting,RUS,9,54000000.00
Operating,Consulting,RWA,1,
Operating,Consulting,SAU,1,
Operating,Consulting,SEN,1,150000.00
Operating,Consulting,SGP,16,75782000.00
Operating,Consulting,SLV,1,
Operating,Consulting,SMR,1,
Operating,Consulting,SVK,1,
Operating,Consulting,SVN,2,
Operating,Consulting,SWE,19,19548649.00
Operating,Consulting,THA,2,
Operating,Consulting,TUR,17,2500000.00
Operating,Consulting,TWN,3,
Operating,Consulting,UKR,10,
Operating,Consulting,UMI,2,
Operating,Consulting,USA,1891,1366380847.00
Operating,Consulting,UZB,1,
Operating,Consulting,Unknown,1475,70818455.00
Operating,Consulting,VIR,1,
Operating,Consulting,VNM,2,
Operating,Consulting,ZAF,5,
Operating,Ecommerce,ALB,1,150000.00
Operating,Ecommerce,AND,1,
Operating,Ecommerce,ANT,2,10871040.00
Operating,Ecommerce,ARE,31,33505000.00
Operating,Ecommerce,ARG,29,6181360.00
Operating,Ecommerce,AUS,113,250680313.00
Operating,Ecommerce,AUT,11,257320.00
Operating,Ecommerce,AZE,1,
Operating,Ecommerce,BEL,23,5109055.00
Operating,Ecommerce,BGD,6,7000.00
Operating,Ecommerce,BGR,7,212660.00
Operating,Ecommerce,BHS,1,
Operating,Ecommerce,BIH,2,
Operating,Ecommerce,BLR,2,
Operating,Ecommerce,BRA,79,322863767.00
Operating,Ecommerce,CAN,181,146055440.00
Operating,Ecommerce,CHE,29,3580200.00
Operating,Ecommerce,CHL,5,490000.00
Operating,Ecommerce,CHN,70,1942820013.00
Operating,Ecommerce,COL,9,230000.00
Operating,Ecommerce,CSS,4,1109160.00
Operating,Ecommerce,CYP,3,1500000.00
Operating,Ecommerce,CZE,13,98272243.00
Operating,Ecommerce,DEU,182,345618766.00
Operating,Ecommerce,DNK,32,10043370.00
Operating,Ecommerce,DOM,1,
Operating,Ecommerce,ECU,1,378813.00
Operating,Ecommerce,EGY,5,157000.00
Operating,Ecommerce,ESP,122,320225091.00
Operating,Ecommerce,EST,7,9181588.00
Operating,Ecommerce,FIN,18,5070124.00
Operating,Ecommerce,FRA,116,338066969.00
Operating,Ecommerce,FST,1,
Operating,Ecommerce,GBR,562,445078205.00
Operating,Ecommerce,GEO,1,50000.00
Operating,Ecommerce,GHA,1,
Operating,Ecommerce,GRC,10,
Operating,Ecommerce,HKG,26,970000.00
Operating,Ecommerce,HRV,5,
Operating,Ecommerce,HUN,4,
Operating,Ecommerce,IDN,25,6600000.00
Operating,Ecommerce,IND,462,1127045094.00
Operating,Ecommerce,IRL,38,8687615.00
Operating,Ecommerce,IRN,2,
Operating,Ecommerce,ISL,3,960273.00
Operating,Ecommerce,ISR,39,10450000.00
Operating,Ecommerce,ITA,43,7459497.00
Operating,Ecommerce,JOR,8,15077000.00
Operating,Ecommerce,JPN,29,49593038.00
Operating,Ecommerce,KEN,4,3684922.00
Operating,Ecommerce,KOR,9,1005900.00
Operating,Ecommerce,KWT,3,
Operating,Ecommerce,LKA,3,
Operating,Ecommerce,LTU,7,243941.00
Operating,Ecommerce,LUX,5,124691.00
Operating,Ecommerce,LVA,5,
Operating,Ecommerce,MAR,6,3200000.00
Operating,Ecommerce,MDA,1,
Operating,Ecommerce,MDV,2,
Operating,Ecommerce,MEX,21,102485000.00
Operating,Ecommerce,MLT,1,
Operating,Ecommerce,MUS,2,
Operating,Ecommerce,MYS,17,438500000.00
Operating,Ecommerce,NGA,9,61000000.00
Operating,Ecommerce,NLD,63,27505460.00
Operating,Ecommerce,NOR,7,
Operating,Ecommerce,NZL,15,
Operating,Ecommerce,PAK,14,
Operating,Ecommerce,PAN,4,73000.00
Operating,Ecommerce,PER,2,155000.00
Operating,Ecommerce,PHL,20,1861700.00
Operating,Ecommerce,POL,28,30000.00
Operating,Ecommerce,PRI,2,
Operating,Ecommerce,PRT,14,100000.00
Operating,Ecommerce,QAT,1,
Operating,Ecommerce,ROM,14,
Operating,Ecommerce,RUS,50,402959299.00
Operating,Ecommerce,SAU,4,
Operating,Ecommerce,SGP,41,83296000.00
Operating,Ecommerce,SVK,3,4500000.00
Operating,Ecommerce,SVN,1,
Operating,Ecommerce,SWE,34,183554366.00
Operating,Ecommerce,THA,15,
Operating,Ecommerce,TUN,1,
Operating,Ecommerce,TUR,65,60891428.00
Operating,Ecommerce,TWN,3,
Operating,Ecommerce,UKR,17,190000.00
Operating,Ecommerce,UMI,2,
Operating,Ecommerce,URY,2,
Operating,Ecommerce,USA,2544,7461000332.00
Operating,Ecommerce,UZB,1,90000.00
Operating,Ecommerce,Unknown,3139,418136574.00
Operating,Ecommerce,VGB,2,10500.00
Operating,Ecommerce,VNM,9,101000000.00
Operating,Ecommerce,YEM,1,
Operating,Ecommerce,ZAF,28,25700000.00
Operating,Ecommerce,ZMB,1,
Operating,Enterprise,ARE,6,11170000.00
Operating,Enterprise,ARG,6,170000.00
Operating,Enterprise,ATG,1,
Operating,Enterprise,AUS,63,69586747.00
Operating,Enterprise,AUT,4,50576.00
Operating,Enterprise,BEL,20,4405628.00
Operating,Enterprise,BGD,1,30000.00
Operating,Enterprise,BGR,2,169213.00
Operating,Enterprise,BIH,1,
Operating,Enterprise,BRA,18,4650000.00
Operating,Enterprise,CAN,174,520226321.00
Operating,Enterprise,CHE,14,7390000.00
Operating,Enterprise,CHL,2,
Operating,Enterprise,CHN,18,30140000.00
Operating,Enterprise,COL,3,366000.00
Operating,Enterprise,CSS,2,
Operating,Enterprise,CYP,1,21596.00
Operating,Enterprise,CZE,5,
Operating,Enterprise,DEU,50,84796250.00
Operating,Enterprise,DNK,13,8969600.00
Operating,Enterprise,ESP,34,78071916.00
Operating,Enterprise,EST,1,
Operating,Enterprise,FIN,21,15919011.00
Operating,Enterprise,FRA,67,72234580.00
Operating,Enterprise,GBR,220,1848135990.00
Operating,Enterprise,GRC,5,
Operating,Enterprise,HKG,12,1700000.00
Operating,Enterprise,HRV,2,121550.00
Operating,Enterprise,HUN,1,
Operating,Enterprise,IDN,3,
Operating,Enterprise,IND,96,76370000.00
Operating,Enterprise,IRL,40,20151370.00
Operating,Enterprise,ISL,3,1200000.00
Operating,Enterprise,ISR,31,75070000.00
Operating,Enterprise,ITA,18,10255860.00
Operating,Enterprise,JPN,19,15808519.00
Operating,Enterprise,KEN,1,
Operating,Enterprise,KOR,2,2000000.00
Operating,Enterprise,LBN,1,
Operating,Enterprise,LIE,1,7500000.00
Operating,Enterprise,LKA,1,
Operating,Enterprise,LTU,2,20118.00
Operating,Enterprise,LUX,1,
Operating,Enterprise,LVA,1,
Operating,Enterprise,MYS,8,50000000.00
Operating,Enterprise,NGA,3,350000.00
Operating,Enterprise,NLD,31,15830625.00
Operating,Enterprise,NOR,9,31531460.00
Operating,Enterprise,NZL,9,
Operating,Enterprise,OMN,1,
Operating,Enterprise,PAK,2,
Operating,Enterprise,PAN,1,2100000.00
Operating,Enterprise,PCN,1,
Operating,Enterprise,PER,1,
Operating,Enterprise,PHL,3,
Operating,Enterprise,POL,6,325000.00
Operating,Enterprise,PRI,1,
Operating,Enterprise,PRT,4,100000000.00
Operating,Enterprise,ROM,2,668100.00
Operating,Enterprise,RUS,6,1240000.00
Operating,Enterprise,SGP,27,39411700.00
Operating,Enterprise,SLV,1,
Operating,Enterprise,SVK,2,
Operating,Enterprise,SVN,4,
Operating,Enterprise,SWE,27,68224968.00
Operating,Enterprise,SWZ,1,
Operating,Enterprise,TUR,7,10000.00
Operating,Enterprise,TWN,3,
Operating,Enterprise,UKR,5,10000.00
Operating,Enterprise,URY,2,
Operating,Enterprise,USA,1699,14012414018.00
Operating,Enterprise,Unknown,1043,31977741.00
Operating,Enterprise,VEN,2,
Operating,Enterprise,VGB,1,
Operating,Enterprise,VNM,1,
Operating,Enterprise,ZAF,10,
Operating,Games Video,AFG,1,
Operating,Games Video,ANT,2,
Operating,Games Video,ARA,1,
Operating,Games Video,ARE,4,150000.00
Operating,Games Video,ARG,24,50468666.00
Operating,Games Video,ARM,2,
Operating,Games Video,AUS,51,52183656.00
Operating,Games Video,AUT,17,7853773.00
Operating,Games Video,BEL,13,2044288.00
Operating,Games Video,BGD,4,25000.00
Operating,Games Video,BGR,5,160065.00
Operating,Games Video,BHS,1,
Operating,Games Video,BLR,1,
Operating,Games Video,BMU,1,210000000.00
Operating,Games Video,BRA,22,4975000.00
Operating,Games Video,BRB,1,
Operating,Games Video,CAN,142,43263926.00
Operating,Games Video,CHE,21,3900000.00
Operating,Games Video,CHL,2,
Operating,Games Video,CHN,40,454930000.00
Operating,Games Video,COL,4,3600000.00
Operating,Games Video,CRI,1,
Operating,Games Video,CSS,2,
Operating,Games Video,CYM,1,1300000.00
Operating,Games Video,CYP,5,
Operating,Games Video,CZE,8,2775750.00
Operating,Games Video,DEU,87,593376141.00
Operating,Games Video,DNK,12,24000000.00
Operating,Games Video,DOM,1,
Operating,Games Video,EGY,3,
Operating,Games Video,ESP,57,45561779.00
Operating,Games Video,EST,5,
Operating,Games Video,FIN,40,351253025.00
Operating,Games Video,FRA,67,91538004.00
Operating,Games Video,GBR,260,532868897.00
Operating,Games Video,GEO,1,
Operating,Games Video,GHA,1,100000.00
Operating,Games Video,GIB,2,
Operating,Games Video,GRC,5,553238.00
Operating,Games Video,GTM,2,
Operating,Games Video,HKG,14,1150000.00
Operating,Games Video,HUN,5,
Operating,Games Video,IDN,3,
Operating,Games Video,IND,73,60430000.00
Operating,Games Video,IOT,1,
Operating,Games Video,IRL,60,9712680.00
Operating,Games Video,ISL,10,36332000.00
Operating,Games Video,ISR,60,83910000.00
Operating,Games Video,ITA,29,17235052.00
Operating,Games Video,JOR,1,
Operating,Games Video,JPN,25,34142252.00
Operating,Games Video,KEN,2,43840000.00
Operating,Games Video,KOR,16,24372963.00
Operating,Games Video,LBN,4,650000.00
Operating,Games Video,LTU,1,
Operating,Games Video,LUX,1,
Operating,Games Video,LVA,3,
Operating,Games Video,MEX,5,70000.00
Operating,Games Video,MKD,1,38484.00
Operating,Games Video,MLT,5,429420.00
Operating,Games Video,MYS,8,615000.00
Operating,Games Video,NGA,3,30000.00
Operating,Games Video,NLD,41,36682433.00
Operating,Games Video,NOR,8,66225.00
Operating,Games Video,NZL,4,
Operating,Games Video,PAK,4,
Operating,Games Video,PAN,2,
Operating,Games Video,PER,1,
Operating,Games Video,PHL,3,205000.00
Operating,Games Video,POL,15,2567474.00
Operating,Games Video,PRT,4,
Operating,Games Video,PST,1,
Operating,Games Video,QAT,1,
Operating,Games Video,ROM,4,
Operating,Games Video,RUS,22,139300000.00
Operating,Games Video,SAU,1,
Operating,Games Video,SGP,19,55732700.00
Operating,Games Video,SLV,1,50000.00
Operating,Games Video,SVK,2,
Operating,Games Video,SVN,3,
Operating,Games Video,SWE,37,62674729.00
Operating,Games Video,THA,4,
Operating,Games Video,TUR,10,18110000.00
Operating,Games Video,TWN,4,12720000.00
Operating,Games Video,UKR,11,70000.00
Operating,Games Video,URY,6,25000.00
Operating,Games Video,USA,1640,5358639509.00
Operating,Games Video,Unknown,3838,783675758.00
Operating,Games Video,VGB,2,
Operating,Games Video,VNM,3,
Operating,Games Video,ZAF,6,1750000.00
Operating,Hardware,ANT,2,5000000.00
Operating,Hardware,ARE,2,
Operating,Hardware,ARG,2,
Operating,Hardware,AUS,23,1321000.00
Operating,Hardware,AUT,7,13970800.00
Operating,Hardware,BEL,9,45050330.00
Operating,Hardware,BGR,1,
Operating,Hardware,BRA,2,15000000.00
Operating,Hardware,CAN,73,116918930.00
Operating,Hardware,CHE,9,7226589.00
Operating,Hardware,CHN,30,813640000.00
Operating,Hardware,COL,1,7000000.00
Operating,Hardware,CSS,1,3235500.00
Operating,Hardware,CYM,1,11000000.00
Operating,Hardware,CZE,2,
Operating,Hardware,DEU,42,90714038.00
Operating,Hardware,DNK,9,15975000.00
Operating,Hardware,ESP,26,14059452.00
Operating,Hardware,EST,5,25000.00
Operating,Hardware,FIN,11,15294400.00
Operating,Hardware,FRA,45,156274737.00
Operating,Hardware,GBR,153,555811635.00
Operating,Hardware,GTM,1,363600.00
Operating,Hardware,HKG,11,1235706.00
Operating,Hardware,HRV,3,
Operating,Hardware,HUN,4,77500.00
Operating,Hardware,IND,54,431635000.00
Operating,Hardware,IRL,12,22421577.00
Operating,Hardware,ISL,2,
Operating,Hardware,ISR,18,416055575.00
Operating,Hardware,ITA,18,3227248.00
Operating,Hardware,JPN,19,128070626.00
Operating,Hardware,KEN,2,
Operating,Hardware,KOR,6,
Operating,Hardware,LBN,1,100000.00
Operating,Hardware,LTU,1,
Operating,Hardware,LUX,1,
Operating,Hardware,LVA,1,
Operating,Hardware,MEX,3,
Operating,Hardware,MYS,2,
Operating,Hardware,NLD,17,97283033.00
Operating,Hardware,NOR,4,22884000.00
Operating,Hardware,NZL,3,
Operating,Hardware,PAK,1,
Operating,Hardware,PHL,2,
Operating,Hardware,POL,4,160000.00
Operating,Hardware,PRT,2,5710000.00
Operating,Hardware,ROM,2,50000.00
Operating,Hardware,RUS,7,7930000.00
Operating,Hardware,SAU,1,
Operating,Hardware,SGP,13,13020000.00
Operating,Hardware,SVN,4,
Operating,Hardware,SWE,23,133934893.00
Operating,Hardware,THA,1,
Operating,Hardware,TUR,4,
Operating,Hardware,TWN,16,155594138.00
Operating,Hardware,USA,1157,7011935949.00
Operating,Hardware,Unknown,708,105481249.00
Operating,Hardware,VNM,1,
Operating,Hardware,ZAF,1,
Operating,Mobile,AFG,1,
Operating,Mobile,ANT,1,51464.00
Operating,Mobile,ARE,9,31741250.00
Operating,Mobile,ARG,16,12225000.00
Operating,Mobile,AUS,56,39560531.00
Operating,Mobile,AUT,10,69830.00
Operating,Mobile,BEL,17,7374835.00
Operating,Mobile,BGD,1,
Operating,Mobile,BGR,6,
Operating,Mobile,BIH,1,
Operating,Mobile,BLR,2,
Operating,Mobile,BRA,25,44243825.00
Operating,Mobile,CAN,188,427513221.00
Operating,Mobile,CHE,22,33432115.00
Operating,Mobile,CHL,10,6020000.00
Operating,Mobile,CHN,44,107346467.00
Operating,Mobile,COL,1,100000.00
Operating,Mobile,CSS,2,
Operating,Mobile,CUB,1,
Operating,Mobile,CZE,10,110000.00
Operating,Mobile,DEU,133,327199826.00
Operating,Mobile,DNK,14,42420003.00
Operating,Mobile,EGY,5,41003000.00
Operating,Mobile,ESP,73,110448265.00
Operating,Mobile,EST,4,10019299.00
Operating,Mobile,FIN,45,41338202.00
Operating,Mobile,FRA,86,167390559.00
Operating,Mobile,GBR,323,470838311.00
Operating,Mobile,GHA,2,
Operating,Mobile,GIB,1,
Operating,Mobile,GRC,11,2178000.00
Operating,Mobile,HKG,36,13984600.00
Operating,Mobile,HRV,1,39013.00
Operating,Mobile,HUN,8,2106150.00
Operating,Mobile,IDN,7,192420000.00
Operating,Mobile,IND,130,729524550.00
Operating,Mobile,IRL,61,96545237.00
Operating,Mobile,ISL,1,16000.00
Operating,Mobile,ISR,85,187427536.00
Operating,Mobile,ITA,37,38577736.00
Operating,Mobile,JOR,2,
Operating,Mobile,JPN,31,106741274.00
Operating,Mobile,KEN,1,
Operating,Mobile,KOR,17,67360000.00
Operating,Mobile,KWT,1,
Operating,Mobile,LAO,1,
Operating,Mobile,LIE,1,
Operating,Mobile,LTU,8,1090000.00
Operating,Mobile,LUX,5,
Operating,Mobile,LVA,2,
Operating,Mobile,MAR,2,
Operating,Mobile,MEX,14,795000.00
Operating,Mobile,MMR,1,145000.00
Operating,Mobile,MUS,1,
Operating,Mobile,MYS,10,1392000.00
Operating,Mobile,NGA,3,220000.00
Operating,Mobile,NLD,52,64766785.00
Operating,Mobile,NOR,12,10545000.00
Operating,Mobile,NZL,10,177292000.00
Operating,Mobile,PAK,2,
Operating,Mobile,PHL,5,
Operating,Mobile,POL,30,2241660.00
Operating,Mobile,PRI,3,
Operating,Mobile,PRT,10,
Operating,Mobile,ROM,14,38484.00
Operating,Mobile,RUS,25,276755000.00
Operating,Mobile,SAU,1,
Operating,Mobile,SGP,53,84301559.00
Operating,Mobile,SVK,1,254260.00
Operating,Mobile,SVN,1,
Operating,Mobile,SWE,46,57130244.00
Operating,Mobile,SWZ,1,
Operating,Mobile,THA,3,400000.00
Operating,Mobile,TUN,1,
Operating,Mobile,TUR,20,3400000.00
Operating,Mobile,TWN,9,1100000.00
Operating,Mobile,UGA,2,
Operating,Mobile,UKR,7,500000.00
Operating,Mobile,UMI,1,
Operating,Mobile,URY,2,350000.00
Operating,Mobile,USA,2196,9192747426.00
Operating,Mobile,Unknown,2107,248380939.00
Operating,Mobile,VNM,5,
Operating,Mobile,ZAF,19,2835000.00
Operating,Mobile,ZMB,1,4000000.00
Operating,Other,AFG,2,
Operating,Other,AGO,1,
Operating,Other,ALB,4,
Operating,Other,ANT,8,5494299.00
Operating,Other,ARE,52,34484000.00
Operating,Other,ARG,58,44505083.00
Operating,Other,ARM,1,
Operating,Other,ATG,1,
Operating,Other,AUS,431,870316396.00
Operating,Other,AUT,57,183059451.00
Operating,Other,AZE,4,200000.00
Operating,Other,BDI,2,
Operating,Other,BEL,87,267536289.00
Operating,Other,BGD,14,1500.00
Operating,Other,BGR,30,10571436.00
Operating,Other,BHR,6,20000.00
Operating,Other,BHS,1,1200000.00
Operating,Other,BIH,2,
Operating,Other,BLR,3,20000.00
Operating,Other,BLZ,2,
Operating,Other,BMU,2,526666000.00
Operating,Other,BOL,2,
Operating,Other,BRA,154,298692058.00
Operating,Other,BRB,2,
Operating,Other,BRN,1,
Operating,Other,BWA,1,
Operating,Other,CAN,964,3609672088.00
Operating,Other,CHE,141,408738572.00
Operating,Other,CHL,34,2591000.00
Operating,Other,CHN,173,2843447227.00
Operating,Other,CIV,1,
Operating,Other,CMR,4,4561.00
Operating,Other,COL,21,144878500.00
Operating,Other,CRI,11,147000.00
Operating,Other,CSS,17,
Operating,Other,CYM,5,76120000.00
Operating,Other,CYP,25,42034102.00
Operating,Other,CZE,26,59837020.00
Operating,Other,DEU,474,1462896949.00
Operating,Other,DNK,79,98750638.00
Operating,Other,DOM,7,38631.00
Operating,Other,DZA,1,
Operating,Other,EGY,18,102010000.00
Operating,Other,ESP,301,932605117.00
Operating,Other,EST,24,12295427.00
Operating,Other,ETH,1,
Operating,Other,FIN,72,339113753.00
Operating,Other,FRA,356,1115376786.00
Operating,Other,FST,2,1077250.00
Operating,Other,GBR,2208,5729900232.00
Operating,Other,GEO,3,
Operating,Other,GHA,10,119616.00
Operating,Other,GIB,3,18929912.00
Operating,Other,GRC,43,4610029.00
Operating,Other,GTM,1,
Operating,Other,HKG,66,113660000.00
Operating,Other,HMI,1,2573200.00
Operating,Other,HRV,17,1351100.00
Operating,Other,HUN,29,7585000.00
Operating,Other,IDN,36,33080000.00
Operating,Other,IND,1175,2282737476.00
Operating,Other,IRL,416,655825743.00
Operating,Other,IRN,2,
Operating,Other,IRQ,1,
Operating,Other,ISL,8,
Operating,Other,ISR,249,1628157740.00
Operating,Other,ITA,197,368647491.00
Operating,Other,JAM,2,
Operating,Other,JOR,12,1000000.00
Operating,Other,JPN,102,907641468.00
Operating,Other,KAZ,2,
Operating,Other,KEN,17,2150000.00
Operating,Other,KGZ,1,
Operating,Other,KHM,1,450000.00
Operating,Other,KOR,56,99861000.00
Operating,Other,KWT,2,
Operating,Other,LBN,8,1226500.00
Operating,Other,LIE,1,
Operating,Other,LKA,8,
Operating,Other,LSO,1,
Operating,Other,LTU,17,28870118.00
Operating,Other,LUX,18,556033280.00
Operating,Other,LVA,12,100000.00
Operating,Other,MAR,4,
Operating,Other,MDA,3,
Operating,Other,MDG,1,
Operating,Other,MDV,4,
Operating,Other,MEX,44,37532654.00
Operating,Other,MKD,1,
Operating,Other,MLT,10,
Operating,Other,MMR,1,
Operating,Other,MUS,3,
Operating,Other,MYS,41,241027000.00
Operating,Other,NAM,1,
Operating,Other,NER,1,6000.00
Operating,Other,NFK,1,
Operating,Other,NGA,31,13041966.00
Operating,Other,NLD,232,895593497.00
Operating,Other,NOR,56,387031823.00
Operating,Other,NPL,12,
Operating,Other,NRU,1,1672580.00
Operating,Other,NZL,61,33506830.00
Operating,Other,PAK,45,506000.00
Operating,Other,PAN,5,180000.00
Operating,Other,PER,9,20050000.00
Operating,Other,PHL,31,158912500.00
Operating,Other,POL,61,6381299.00
Operating,Other,PRI,7,
Operating,Other,PRK,2,4100000.00
Operating,Other,PRT,51,21695560.00
Operating,Other,PRY,1,
Operating,Other,PST,4,1000000.00
Operating,Other,QAT,5,
Operating,Other,REU,1,
Operating,Other,ROM,34,20000.00
Operating,Other,RUS,115,847175273.00
Operating,Other,SAU,12,
Operating,Other,SEN,1,
Operating,Other,SGP,136,134907934.00
Operating,Other,SLE,2,
Operating,Other,SMR,1,3859800.00
Operating,Other,SVK,10,3115560.00
Operating,Other,SVN,10,1718848.00
Operating,Other,SWE,145,375480357.00
Operating,Other,SWZ,3,
Operating,Other,SYC,1,
Operating,Other,THA,34,3675000.00
Operating,Other,TJK,1,
Operating,Other,TTO,1,
Operating,Other,TUN,5,3920000.00
Operating,Other,TUR,106,134249450.00
Operating,Other,TWN,30,86361700.00
Operating,Other,TZA,1,
Operating,Other,UGA,8,317000.00
Operating,Other,UKR,36,146000.00
Operating,Other,UMI,2,
Operating,Other,URY,5,
Operating,Other,USA,14069,91357740232.00
Operating,Other,UZB,1,
Operating,Other,Unknown,17160,2771624265.00
Operating,Other,VCT,2,
Operating,Other,VEN,5,25000.00
Operating,Other,VGB,3,
Operating,Other,VIR,1,
Operating,Other,VNM,16,3100000.00
Operating,Other,ZAF,79,25163218.00
Operating,Other,ZWE,2,
Operating,Software,ALB,2,
Operating,Software,ANT,2,
Operating,Software,ARE,22,65000000.00
Operating,Software,ARG,62,29100000.00
Operating,Software,ARM,1,
Operating,Software,ATG,1,
Operating,Software,AUS,174,74930029.00
Operating,Software,AUT,54,52677200.00
Operating,Software,BEL,63,86375830.00
Operating,Software,BGD,14,
Operating,Software,BGR,21,259808.00
Operating,Software,BHR,1,
Operating,Software,BLR,20,
Operating,Software,BMU,1,
Operating,Software,BOL,1,
Operating,Software,BRA,80,39900000.00
Operating,Software,CAN,619,1311773054.00
Operating,Software,CHE,81,57988000.00
Operating,Software,CHL,15,1220000.00
Operating,Software,CHN,57,410480000.00
Operating,Software,COL,6,250000.00
Operating,Software,CRI,4,40000.00
Operating,Software,CSS,13,
Operating,Software,CYM,1,65000000.00
Operating,Software,CYP,6,41475.00
Operating,Software,CZE,39,104000000.00
Operating,Software,DEU,281,226179142.00
Operating,Software,DMA,2,
Operating,Software,DNK,86,79956736.00
Operating,Software,ECU,2,
Operating,Software,EGY,23,2175000.00
Operating,Software,ESP,160,204818648.00
Operating,Software,EST,22,15233260.00
Operating,Software,FIN,64,60210087.00
Operating,Software,FRA,284,647582121.00
Operating,Software,GBR,909,1104675370.00
Operating,Software,GEO,1,58000.00
Operating,Software,GHA,7,100000.00
Operating,Software,GIB,1,
Operating,Software,GRC,14,3071336.00
Operating,Software,GTM,2,
Operating,Software,HKG,20,
Operating,Software,HRV,14,30000.00
Operating,Software,HUN,11,18985000.00
Operating,Software,IDN,8,
Operating,Software,IND,926,305026000.00
Operating,Software,IRL,214,182491617.00
Operating,Software,IRN,5,
Operating,Software,ISL,14,7239256.00
Operating,Software,ISR,141,292084166.00
Operating,Software,ITA,68,26387748.00
Operating,Software,JAM,1,
Operating,Software,JOR,6,21000.00
Operating,Software,JPN,56,36953250.00
Operating,Software,KEN,8,1235000.00
Operating,Software,KOR,18,27600000.00
Operating,Software,KWT,1,
Operating,Software,LBN,4,
Operating,Software,LIE,1,
Operating,Software,LKA,7,
Operating,Software,LTU,14,257320.00
Operating,Software,LUX,7,3900000.00
Operating,Software,LVA,11,
Operating,Software,MAR,3,
Operating,Software,MCO,1,657000.00
Operating,Software,MDA,2,
Operating,Software,MEX,16,225000.00
Operating,Software,MKD,6,
Operating,Software,MLT,6,43134351.00
Operating,Software,MUS,4,
Operating,Software,MYS,15,173802500.00
Operating,Software,NGA,5,200000.00
Operating,Software,NLD,120,46573550.00
Operating,Software,NOR,53,49218060.00
Operating,Software,NPL,6,200000.00
Operating,Software,NZL,54,287175300.00
Operating,Software,OMN,1,
Operating,Software,PAK,33,10000.00
Operating,Software,PAN,3,
Operating,Software,PER,1,
Operating,Software,PHL,9,25000.00
Operating,Software,POL,70,494900.00
Operating,Software,PRI,2,
Operating,Software,PRT,44,15301800.00
Operating,Software,PST,2,
Operating,Software,QAT,1,
Operating,Software,ROM,63,3280000.00
Operating,Software,RUS,72,336815000.00
Operating,Software,SAU,3,
Operating,Software,SEN,1,
Operating,Software,SGP,50,27027365.00
Operating,Software,SVK,9,4150000.00
Operating,Software,SVN,7,
Operating,Software,SWE,114,187268088.00
Operating,Software,SWZ,1,
Operating,Software,SYC,1,
Operating,Software,THA,12,1342000.00
Operating,Software,TUR,41,100000.00
Operating,Software,TWN,18,27275000.00
Operating,Software,UGA,3,
Operating,Software,UKR,61,445000.00
Operating,Software,UMI,3,
Operating,Software,URY,15,20000.00
Operating,Software,USA,6395,24327683409.00
Operating,Software,Unknown,3865,300908566.00
Operating,Software,VEN,4,140000.00
Operating,Software,VNM,19,
Operating,Software,YEM,1,
Operating,Software,ZAF,39,161000.00
Operating,Software,ZWE,1,
Operating,Unknown,ANT,1,
Operating,Unknown,ARE,9,
Operating,Unknown,ARG,15,25000.00
Operating,Unknown,AUS,67,12747884.00
Operating,Unknown,AUT,11,3291800.00
Operating,Unknown,BEL,23,2176550.00
Operating,Unknown,BGD,3,
Operating,Unknown,BGR,3,297367.00
Operating,Unknown,BHR,1,
Operating,Unknown,BLR,1,
Operating,Unknown,BMU,1,
Operating,Unknown,BRA,11,4675000.00
Operating,Unknown,BRB,1,
Operating,Unknown,CAN,232,54362292.00
Operating,Unknown,CHE,26,42620000.00
Operating,Unknown,CHL,3,
Operating,Unknown,CHN,48,118802843.00
Operating,Unknown,COL,1,
Operating,Unknown,CRI,1,
Operating,Unknown,CSS,1,
Operating,Unknown,CYM,2,6250000.00
Operating,Unknown,CYP,3,
Operating,Unknown,CZE,5,1504320.00
Operating,Unknown,DEU,127,239391196.00
Operating,Unknown,DNK,25,6190000.00
Operating,Unknown,EGY,1,
Operating,Unknown,ESP,39,8313984.00
Operating,Unknown,EST,16,1443000.00
Operating,Unknown,FIN,195,4143000.00
Operating,Unknown,FRA,106,125676360.00
Operating,Unknown,GBR,437,364923964.00
Operating,Unknown,GEO,1,
Operating,Unknown,GHA,1,
Operating,Unknown,GRC,3,
Operating,Unknown,HKG,14,
Operating,Unknown,HUN,2,
Operating,Unknown,IDN,1,
Operating,Unknown,IND,115,75387000.00
Operating,Unknown,IRL,34,712020023.00
Operating,Unknown,ISL,5,119311.00
Operating,Unknown,ISR,48,76269994.00
Operating,Unknown,ITA,29,3452273.00
Operating,Unknown,JOR,3,
Operating,Unknown,JPN,39,6291900.00
Operating,Unknown,KEN,2,20000.00
Operating,Unknown,KGZ,1,
Operating,Unknown,KOR,19,1725000.00
Operating,Unknown,KWT,3,
Operating,Unknown,LIE,1,
Operating,Unknown,LKA,6,
Operating,Unknown,LTU,5,
Operating,Unknown,LUX,5,449450000.00
Operating,Unknown,LVA,2,
Operating,Unknown,MAC,1,
Operating,Unknown,MEX,5,
Operating,Unknown,MYS,10,
Operating,Unknown,NGA,2,
Operating,Unknown,NLD,52,61875427.00
Operating,Unknown,NOR,12,6700000.00
Operating,Unknown,NPL,3,
Operating,Unknown,NZL,8,
Operating,Unknown,OMN,1,
Operating,Unknown,PAK,6,
Operating,Unknown,PAN,1,
Operating,Unknown,PER,1,
Operating,Unknown,PHL,4,
Operating,Unknown,POL,22,55943536.00
Operating,Unknown,PRI,1,
Operating,Unknown,PRT,10,
Operating,Unknown,ROM,7,
Operating,Unknown,RUS,30,300000.00
Operating,Unknown,SAU,4,
Operating,Unknown,SGP,18,
Operating,Unknown,SVN,3,
Operating,Unknown,SWE,59,32078325.00
Operating,Unknown,THA,4,
Operating,Unknown,TUN,1,
Operating,Unknown,TUR,7,
Operating,Unknown,TWN,14,11700.00
Operating,Unknown,TZA,1,
Operating,Unknown,UKR,22,
Operating,Unknown,USA,3483,3936110907.00
Operating,Unknown,Unknown,64808,930218676.00
Operating,Unknown,VNM,1,
Operating,Unknown,ZAF,21,3457000.00
Operating,Web,AFG,4,
Operating,Web,ALB,2,
Operating,Web,ANT,1,
Operating,Web,ARE,15,500000.00
Operating,Web,ARG,40,23180000.00
Operating,Web,ARM,1,
Operating,Web,AUS,182,40602000.00
Operating,Web,AUT,24,4967323.00
Operating,Web,BEL,37,14937337.00
Operating,Web,BGD,3,
Operating,Web,BGR,12,2269394.00
Operating,Web,BLR,1,10000.00
Operating,Web,BMU,1,15000000.00
Operating,Web,BRA,58,3406000.00
Operating,Web,BRB,2,798679.00
Operating,Web,CAN,372,219944555.00
Operating,Web,CHE,45,28150000.00
Operating,Web,CHL,10,16190000.00
Operating,Web,CHN,64,1561607000.00
Operating,Web,COL,5,
Operating,Web,CRI,3,112000.00
Operating,Web,CSS,4,
Operating,Web,CYM,3,
Operating,Web,CYP,6,
Operating,Web,CZE,16,518571.00
Operating,Web,DEU,164,93291145.00
Operating,Web,DNK,20,23557299.00
Operating,Web,DOM,1,
Operating,Web,EGY,11,510000.00
Operating,Web,ESP,99,23097640.00
Operating,Web,EST,11,
Operating,Web,FIN,39,7081250.00
Operating,Web,FRA,183,256398885.00
Operating,Web,GBR,786,691458293.00
Operating,Web,GHA,2,30000.00
Operating,Web,GRC,15,4139496.00
Operating,Web,GRD,1,
Operating,Web,HKG,34,15411150.00
Operating,Web,HND,1,
Operating,Web,HRV,6,
Operating,Web,HUN,4,
Operating,Web,IDN,17,100000.00
Operating,Web,IND,359,205619112.00
Operating,Web,IRL,86,160615359.00
Operating,Web,IRN,1,
Operating,Web,ISL,3,176000.00
Operating,Web,ISR,73,72525000.00
Operating,Web,ITA,70,12049940.00
Operating,Web,JAM,1,
Operating,Web,JOR,5,
Operating,Web,JPN,54,91638284.00
Operating,Web,KEN,7,200000.00
Operating,Web,KOR,16,327500.00
Operating,Web,LBN,5,76000.00
Operating,Web,LIE,1,
Operating,Web,LKA,3,
Operating,Web,LTU,8,922787.00
Operating,Web,LUX,4,368393.00
Operating,Web,LVA,13,148680.00
Operating,Web,MDV,1,
Operating,Web,MEX,10,750000.00
Operating,Web,MKD,1,
Operating,Web,MLT,3,11373300.00
Operating,Web,MMR,1,
Operating,Web,MUS,1,
Operating,Web,MYS,15,3145000.00
Operating,Web,NGA,7,
Operating,Web,NLD,92,6570453.00
Operating,Web,NOR,16,100000.00
Operating,Web,NPL,4,
Operating,Web,NZL,20,200000.00
Operating,Web,OMN,1,
Operating,Web,PAK,8,2000000.00
Operating,Web,PAN,1,
Operating,Web,PER,1,
Operating,Web,PHL,14,571000.00
Operating,Web,POL,18,779000.00
Operating,Web,PRI,1,
Operating,Web,PRK,1,
Operating,Web,PRT,25,1556626.00
Operating,Web,QAT,1,
Operating,Web,ROM,22,70000.00
Operating,Web,RUS,50,33542000.00
Operating,Web,SAU,2,
Operating,Web,SDN,1,
Operating,Web,SGP,66,22860000.00
Operating,Web,SUR,1,
Operating,Web,SVN,2,
Operating,Web,SWE,60,28035857.00
Operating,Web,SYR,1,
Operating,Web,THA,11,
Operating,Web,TUR,51,10238200.00
Operating,Web,TWN,10,
Operating,Web,UGA,1,
Operating,Web,UKR,21,1430000.00
Operating,Web,URY,3,
Operating,Web,USA,4619,7279250398.00
Operating,Web,Unknown,5276,433067381.00
Operating,Web,VEN,4,
Operating,Web,VGB,1,
Operating,Web,VNM,2,
Operating,Web,ZAF,29,3700000.00
