Startup,Sector,What They Did,Why They Failed,Takeaway,Raised Label,Raised USD,Start Year,End Year,Lifespan Years,Driver Count
Avant,Finance,Online personal loans,Lost to LendingClub and high defaults,Lending needs risk balance,$655M,655000000.00,2012,2023,11,3
Bitpass,Finance,Micropayments platform,Lost to PayPal and low adoption,Micropayments need mass use,$2M,2000000.00,2002,2008,6,3
Cake Financial,Finance,Portfolio tracking tool,Lost to Mint and sold to TradeKing,Finance tools need scale,$3M,3000000.00,2006,2011,5,3
Circle,Finance,Crypto payments and stablecoin,Lost to Coinbase and market shifts,Crypto needs stability,$500M,500000000.00,2013,2023,10,3
Clarity Money,Finance,Personal finance app,Lost to Mint/Acorns and sold to Goldman,Finance apps need edge,$11M,11000000.00,2016,2022,6,3
Clinkle,Finance,Mobile wallet,No product vs Apple Pay/PayPal,Execution over promises,$30M,30000000.00,2011,2016,5,4
Coinbase NFT,Finance,NFT marketplace,Lost to OpenSea and NFT crash,NFTs need timing,$0 (Coinbase-funded),,2021,2023,2,3
FundersClub,Finance,Crowdfunding for startups,Lost to Kickstarter and low ROI,Crowdfunding needs hits,$20M,20000000.00,2012,2022,10,3
Fuze Network,Finance,Prepaid card payments,Lost to Green Dot and small scale,Prepaid needs reach,$5M,5000000.00,2010,2016,6,3
Indiegogo Life,Finance,Personal crowdfunding,Lost to GoFundMe and niche focus,Personal funding needs appeal,$10M (est.),10000000.00,2014,2019,5,4
Isentium,Finance,Social sentiment for trading,Lost to Bloomberg and low uptake,Trading tools need traction,$15M,15000000.00,2012,2020,8,3
LendUp,Finance,Loans for subprime borrowers,Regulatory fines and OppLoans competition,Fintech can’t skirt regs,$350M,350000000.00,2012,2021,9,4
LendingClub,Finance,P2P lending platform,Lost to banks and trust issues,P2P needs trust,$1B,1000000000.00,2006,2021,15,3
LendLayer,Finance,Coding bootcamp loans,Lost to Affirm and sold,Small niches get swallowed,$0.4M,400000.00,2013,2017,4,4
Loyal3,Finance,Commission-free brokerage,Lost to Robinhood and closed,Brokerages need volume,$30M,30000000.00,2008,2018,10,2
Money360,Finance,Real estate lending platform,Lost to Fundrise and slow growth,Lending needs scale,$10M (est.),10000000.00,2012,2020,8,2
Monitor110,Finance,Financial data aggregator,Lost to Bloomberg and early market,Timing is key,$3M (est.),3000000.00,2005,2008,3,3
Mozido,Finance,Mobile payments platform,Lost to Square and mismanagement,Payments need execution,$185M,185000000.00,2008,2017,9,3
Pawngo,Finance,Online pawn lending,Lost to traditional pawnshops and niche,Niche lending needs demand,$6M,6000000.00,2011,2017,6,3
Pay By Touch,Finance,Biometric payments,Lost to PayPal and tech issues,Biometrics need reliability,$300M (est.),300000000.00,2002,2007,5,3
Plum Will,Finance,Digital estate planning,Lost to LegalZoom and low uptake,Estate tech needs traction,$2M (est.),2000000.00,2015,2020,5,3
PoundPay,Finance,Payment gateway,Lost to Stripe and sold,Payments need scale,$1M (est.),1000000.00,2009,2013,4,3
ReadyForZero,Finance,Debt management app,Lost to Credit Karma and sold,Debt tools need edge,$5M,5000000.00,2010,2017,7,3
RushCard,Finance,Prepaid debit card,Lost to Chime and trust issues,Prepaid needs trust,$20M (est.),20000000.00,2003,2018,15,3
Seed,Finance,Small biz banking,Lost to Brex and closed,Banking needs scale,$5M,5000000.00,2012,2017,5,2
Sensible,Finance,Personal finance for gig workers,Lost to Even and niche,Niche finance needs reach,$4M (est.),4000000.00,2016,2020,4,4
SigFig,Finance,Robo-advisor,Lost to Wealthfront and sold,Robo-advisors need edge,$70M,70000000.00,2007,2018,11,3
Simple,Finance,Neobank with budgeting,Lost to Chime/Ally and shut post-BBVA sale,Neobanks need independence,$25M,25000000.00,2009,2016,7,3
SmartAsset,Finance,Financial planning tools,Lost to NerdWallet and slow growth,Planning needs traction,$161M,161000000.00,2012,2023,11,2
SoFi Social,Finance,Social finance platform,Lost to Robinhood and niche,Social finance needs scale,$0 (SoFi-funded),,2016,2021,5,4
Square Cash,Finance,P2P payments (early),Lost to Venmo and pivoted,Payments need dominance,$0 (Square-funded),,2013,2020,7,2
Taulia,Finance,Supply chain finance,Lost to Coupa and sold,Finance needs edge,$200M,200000000.00,2009,2022,13,3
Tilt,Finance,Social crowdfunding,Lost to GoFundMe and sold,Crowdfunding needs mass,$67M,67000000.00,2012,2018,6,3
Toshl,Finance,Personal finance app,Lost to Mint and low scale,Finance apps need reach,$1M (est.),1000000.00,2008,2020,12,2
TrustEgg,Finance,Crowdfunded trusts,Lost to traditional trusts and niche,Niche needs demand,$0.5M (est.),500000.00,2012,2016,4,3
Upstart,Finance,AI-driven lending,Lost to banks and high defaults,Lending needs stability,$144M,144000000.00,2012,2023,11,3
Vemo,Finance,Income-share agreements,Lost to Lambda School and regs,ISAs need traction,$20M (est.),20000000.00,2015,2021,6,3
Venmo Groups,Finance,Group payments feature,Lost to Splitwise and niche,Niche payments need use,$0 (Venmo-funded),,2015,2020,5,4
Vittana,Finance,Student microloans,Lost to SoFi and low scale,Microloans need reach,$5M (est.),5000000.00,2008,2015,7,3
Wealthfront Cash,Finance,High-yield savings,Lost to Ally and pivoted,Savings need edge,$0 (Wealthfront-funded),,2018,2023,5,2
Wealthsimple Trade,Finance,Commission-free trading,Lost to Robinhood and pivoted,Trading needs volume,$0 (Wealthsimple-funded),,2017,2023,6,2
Wepay,Finance,Payment processing,Lost to Stripe and sold,Payments need scale,$75M,75000000.00,2008,2020,12,3
Wesabe,Finance,Personal finance app,Lost to Mint and early market,Timing matters,$4M,4000000.00,2006,2011,5,3
Wise,Finance,International transfers,Lost to PayPal and high costs,Transfers need edge,$689M,689000000.00,2011,2023,12,3
YayPay,Finance,Accounts receivable automation,Lost to Bill.com and sold,Automation needs scale,$15M,15000000.00,2015,2021,6,3
Ycharts,Finance,Financial data platform,Lost to Bloomberg and sold,Data needs dominance,$15M,15000000.00,2009,2021,12,3
ZestFinance,Finance,AI underwriting loans,Lost to Upstart and regs,Lending needs compliance,$112M,112000000.00,2009,2020,11,3
Cafe X,Food service,Robotic coffee kiosks,Closed 2021; low adoption; lost to Starbucks,Humans trump robots,$15M,15000000.00,2015,2021,6,4
Caviar,Food service,Premium food delivery,Sold 2020; couldn't scale; lost to DoorDash,Premium loses to scale,$90M,90000000.00,2012,2020,8,3
Chef'd,Food service,Meal kit delivery,Closed 2019; high costs; lost to Blue Apron,Costs cook meal kits,$35M,35000000.00,2014,2019,5,3
ChowNow,Food service,Restaurant ordering platform,Faded 2023; lost to DoorDash,Middlemen get squeezed,$64M,64000000.00,2011,2023,12,2
Clover,Food service,Plant-based fast food chain,Closed 2020; niche; lost to McDonald's,Niche eats need taste,$20M,20000000.00,2012,2020,8,4
Curb Food,Food service,Automated ghost kitchens,Closed 2023; tech glitches; lost to DoorDash,Robots need results,$10M,10000000.00,2019,2023,4,4
Dinner Lab,Food service,Pop-up dining events,Closed 2017; high costs; low demand,Events need economics,$10M,10000000.00,2011,2017,6,3
Flowtab,Food service,Bar ordering app,Closed 2014; low adoption; lost to POS systems,Convenience needs converts,$2M,2000000.00,2011,2014,3,2
Foodler,Food service,Food delivery aggregator,Sold 2018; lost to Grubhub,Aggregators need scale,$5M,5000000.00,2004,2018,14,3
Grubwithus,Food service,Social dining events,Closed 2015; waned demand; high costs,Social dining needs crowd,$8M,8000000.00,2010,2015,5,3
Maple,Food service,Premium meal delivery,Closed 2019; high costs; lost to DoorDash,Premium food needs profit,$50M,50000000.00,2014,2019,5,3
Munchery,Food service,Chef-prepared meal delivery,Bankruptcy 2018; overexpansion; lost to Grubhub,Expansion eats cash,$125M,125000000.00,2010,2018,8,4
Nosh,Food service,Healthy meal delivery,Closed 2017; low demand; lost to HelloFresh,Health needs scale,$5M,5000000.00,2013,2017,4,4
OrderAhead,Food service,Restaurant pickup app,Sold 2017; lost to DoorDash,Pickup needs giants,$10M,10000000.00,2011,2017,6,4
Presto,Food service,Restaurant ordering tablets,Closed 2020; low adoption; lost to Ziosk,Tech needs diners,$30M,30000000.00,2015,2020,5,3
Revolution Foods,Food service,Healthy school meals,Faded 2021; high costs; lost to Aramark,Schools squeeze margins,$120M,120000000.00,2006,2021,15,2
Ritual,Food service,Food pickup app,Faded 2022; lost to DoorDash; pickup waned,Delivery beats pickup,$135M,135000000.00,2014,2022,8,4
SpoonRocket,Food service,On-demand meal delivery,Closed 2017; thin margins; lost to DoorDash,Speed costs too much,$13M,13000000.00,2013,2017,4,4
Sprig,Food service,Organic meal delivery,Closed 2017; high costs; lost to Uber Eats,Organic's pricey,$57M,57000000.00,2013,2017,4,3
Tonx,Food service,Coffee subscription service,Sold 2017; lost to Blue Bottle,Beans need scale,$4M,4000000.00,2012,2017,5,2
Zesty,Food service,Healthy meal delivery,Closed 2019; high costs; lost to DoorDash,Health needs scale,$20M,20000000.00,2012,2019,7,4
Zomato Base,Food service,Restaurant management tool,Phased out 2020; lost to Toast,Tools need focus,$660M (Zomato),660000000.00,2015,2020,5,1
Deskbeers,Food service,Craft beer subscription,Closed 2019; niche; lost to local bars,Booze needs breadth,$1M,1000000.00,2014,2019,5,3
HelloFresh Recipe,Food service,Recipe platform spinoff,Phased out 2020; lost to Blue Apron,Spinoffs need spark,$300M (HelloFresh),300000000.00,2012,2020,8,2
Tavour,Food service,Craft beer delivery,Faded 2022; lost to Total Wine,Craft needs scale,$10M,10000000.00,2013,2022,9,2
Tastemade Travel,Food service,Food-tourism platform,Faded 2022; low demand; lost to Airbnb,Travel eats budgets,$80M (Tastemade),80000000.00,2017,2022,5,3
Aira Health,Health care,Personalized asthma/allergy app,Small user base and cash shortage,Niche apps need big audiences,$12M,12000000.00,2015,2019,4,5
Amino,Health care,Doctor search and cost estimation,Lost to Zocdoc/GoodRx and slow adoption,Narrow focus beats broad,$45M,45000000.00,2013,2021,8,4
Arivale,Health care,Personalized health coaching,High costs and low demand,Premium needs mass market,$50M,50000000.00,2015,2019,4,3
Augmedix,Health care,Remote medical scribes,Lost to software rivals and acquired,Flexibility beats rigidity,$150M,150000000.00,2012,2024,12,3
Avizia,Health care,Telemedicine for hospitals,Outpaced by bigger rivals and acquired,Niche needs a moat,$32M,32000000.00,2014,2018,4,3
Babylon Health,Health care,AI-powered telemedicine,Overexpansion and losses,Quality must match scale,$635M,635000000.00,2013,2023,10,4
Basis,Health care,Health smartwatch,Overheating and competition,Reliability is make-or-break,$30M,30000000.00,2014,2016,2,3
Better,Health care,Mental health for employees,Crowded market and no differentiation,Unique value is critical,$4.5M,4500000.00,2016,2023,7,3
BetterHelp,Health care,Online therapy (early),Trust issues and competition,Trust comes first,$31M,31000000.00,2013,2017,4,4
BioBeats,Health care,Stress monitoring wearable,Lost to bigger players and acquired,Standout use case needed,$7M,7000000.00,2014,2020,6,3
Call9,Health care,Telemedicine for nursing homes,Slow growth and high costs,Execution must scale,$34M,34000000.00,2015,2019,4,4
Cardiogram,Health care,Heart rate analysis app,Monetization and differentiation woes,Validation is key,$2M,2000000.00,2016,2021,5,5
CareSync,Health care,Care coordination platform,No payer contracts and revenue,Need payer buy-in,$48M,48000000.00,2011,2018,7,3
CareZone,Health care,Medication management app,Lost to free tools and sold,Defensible revenue matters,$161M,161000000.00,2013,2020,7,4
Clarityn,Health care,AI eye diagnostics,Lost to IDx and regulatory delays,Regulatory wins are key,$20M,20000000.00,2016,2020,4,4
Clinkle,Health care,Mobile wallet (health-adjacent),Leadership and no product,Execution over promises,$30M,30000000.00,2011,2016,5,1
Cue Health,Health care,At-home diagnostics,Post-COVID crash and costs,Plan for cycles,$404M,404000000.00,2014,2024,10,2
Dopamine Labs,Health care,Behavioral tech for apps,Lost focus and faded,Focus wins in health,$2.5M,2500000.00,2015,2019,4,2
Doxy.me,Health care,Free telemedicine (early),Free model unsustainable,Monetization is key,$5M,5000000.00,2013,2018,5,4
Driver,Health care,Cancer trial matching,Bad pricing and funding,Validate willingness to pay,$lowM,,2018,2018,0,4
Dthera Sciences,Health care,Alzheimer’s therapeutic,Small market and funding,Niche needs deep pockets,$3M,3000000.00,2016,2020,4,3
Eargo,Health care,Hearing aids,Fraud allegations and competition,Trust is king,$316M,316000000.00,2010,2023,13,3
FitStar,Health care,Fitness app,Lost steam and acquired,Killer edge needed,$5M,5000000.00,2013,2015,2,3
Ginger,Health care,Mental health support,High costs and merged,Profitability matters,$220M,220000000.00,2011,2021,10,4
Goldfinch Bio,Health care,Precision kidney meds,Funding dried up and slow progress,Timing is critical,$209M,209000000.00,2016,2023,7,3
Healx,Health care,AI for rare diseases,Funding crunch and slow results,Deliver or downsize,$110M,110000000.00,2014,2023,9,3
Health IQ,Health care,Health-based insurance,Risk models and scrutiny,Math and compliance matter,$136M,136000000.00,2014,2023,9,3
HealthRiser,Health care,Posture wearable,Lost to Fitbit and costs,Mass appeal needed,$8M,8000000.00,2015,2019,4,4
HealthSpot,Health care,Telemedicine kiosks,Lost to software rivals,Flexibility beats rigidity,$43M,43000000.00,2012,2016,4,3
HealthTap+,Health care,Subscription telemedicine,Low retention and pivot,Sticky engagement needed,$88M,88000000.00,2010,2017,7,3
HealthifyMe,Health care,Fitness app (early),Slow retention and pivot,Evolve or lose,$125M,125000000.00,2011,2018,7,3
InTouch Health,Health care,Telemedicine robots,Scalability issues and sold,Plan for acquisition,$78M,78000000.00,2002,2020,18,3
iRhythm,Health care,Heart monitoring patch,Reimbursement woes early,Payer alignment is key,$150M,150000000.00,2006,2015,9,3
Jawbone,Health care,Fitness trackers,Competition and quality issues,Differentiate or die,$930M,930000000.00,2006,2017,11,3
Kaiku Health,Health care,Cancer symptom tracking,Slow adoption and acquired,Traction matters,$6M,6000000.00,2012,2020,8,2
Kyruus,Health care,Doctor matching (early),Lack of traction and pivot,Validate demand early,$153M,153000000.00,2010,2015,5,1
Lantern,Health care,Digital mental health,Slow adoption and misjudgment,Plan for long cycles,$21M,21000000.00,2012,2018,6,3
Lantern Pharma,Health care,AI drug repurposing,Slow results and pivot,Quick wins matter,$26M,26000000.00,2013,2018,5,4
Luminary Labs,Health care,AI skincare diagnostics,Crowded market and cash out,Validate niche early,$12M,12000000.00,2017,2021,4,3
Lumeon,Health care,Care orchestration,Slow sales and wind-down,Budget for long runways,$92M,92000000.00,2005,2023,18,2
MediChain,Health care,Blockchain medical records,Lost to Epic and crypto crash,Real-world buy-in needed,$15M,15000000.00,2017,2020,3,5
Medicasafe,Health care,Smart pill dispenser,High costs and low uptake,Simple beats complex,$5M,5000000.00,2012,2018,6,3
Mindstrong,Health care,Mental health via data,No actionable insights,Prove outcomes,$160M,160000000.00,2014,2023,9,5
Modern Health,Health care,Mental health for employees,Layoffs and valuation cuts,Growth must match fundamentals,$167M,167000000.00,2017,2023,6,3
Nurx,Health care,Telehealth birth control,Reg hurdles and competition,Scale and compliance,$115M,115000000.00,2014,2019,5,3
Olive,Health care,AI healthcare automation,Downturn and mismanagement,Adapt to shifts,$856M,856000000.00,2012,2023,11,3
Omada Health,Health care,Diabetes prevention (early),Slow payer adoption and pivot,Payers drive success,$550M,550000000.00,2011,2016,5,2
Outset Medical,Health care,Portable dialysis (early),Production snags and competition,Flawless execution needed,$200M,200000000.00,2010,2015,5,4
Pear Therapeutics,Health care,Digital therapeutics,Reimbursement woes,Therapeutics need economics,$409M,409000000.00,2013,2023,10,4
PillPack,Health care,Pre-sorted meds delivery,Profitability woes and sold,Scale or get gobbled,$118M,118000000.00,2013,2018,5,2
Proteus Digital Health,Health care,Ingestible sensors,Failed partnership and costs,Don’t bet on one partner,$500M,500000000.00,2004,2020,16,3
Quit Genius,Health care,Quit smoking app,Low retention and adoption,Stickiness beyond novelty,$77M,77000000.00,2017,2023,6,2
Scanadu,Health care,Home vitals device,Regulatory delays and competition,Speed to market matters,$35M,35000000.00,2012,2016,4,3
Sherpaa,Health care,Virtual primary care,Slow uptake and sold,Big clients fast,$22M,22000000.00,2012,2019,7,4
Sprig,Health care,Healthy meal delivery,High costs and competition,Need cost advantage,$56M,56000000.00,2013,2017,4,3
StethoCloud,Health care,Digital stethoscope,Distribution and funding,Mission needs business model,$1.5M,1500000.00,2012,2015,3,3
Theranos,Health care,Blood testing tech,Fraud and tech didn’t work,Transparency is key,$1.4B,1400000000.00,2003,2018,15,2
Tinnitracks,Health care,Tinnitus treatment app,Limited proof and market,Evidence matters,$6M,6000000.00,2013,2020,7,4
uBiome,Health care,Microbiome testing,Fraudulent billing,Ethics are non-negotiable,$105M,105000000.00,2012,2019,7,1
Zeo,Health care,Sleep tracking headband,Competition and no viable model,Broad appeal needed,$30M,30000000.00,2008,2013,5,5
Airware,Manufacturing,Drone hardware/software for industry,Lost to DJI and high costs,Drones need simplicity,$70M,70000000.00,2011,2018,7,3
Anki,Manufacturing,AI-powered toy robots,High costs and competition from Lego/Sphero,Consumer hardware needs mass pricing,$200M,200000000.00,2010,2019,9,3
Aptera Motors,Manufacturing,Three-wheeled electric vehicles,Lost to Tesla and quirky design,EVs need mainstream appeal,$40M,40000000.00,2005,2011,6,3
Aria Insights,Manufacturing,Tethered industrial drones,Small market and lost to DJI/Skydio,Hardware niches need big adopters,$39M,39000000.00,2008,2019,11,4
August Home,Manufacturing,Smart locks and doorbells,Lost to Ring/Nest and acquired,Smart home needs ecosystem power,$73M,73000000.00,2012,2017,5,3
BeagleBone,Manufacturing,Open-source computers,Lost to Raspberry Pi and small niche,Open-source needs community,$5M,5000000.00,2011,2018,7,4
Better Place,Manufacturing,EVs with swappable batteries,Lost to Tesla and high infra costs,Infra needs buy-in,$850M,850000000.00,2007,2013,6,3
Butterfly Network,Manufacturing,Handheld ultrasound device,Lost to GE/Philips and slow adoption,Medical hardware needs fast inroads,$400M,400000000.00,2011,2020,9,4
Cubelets,Manufacturing,Modular toy robots,Lost to Lego/Sphero and niche focus,Edtech needs scale,$10M,10000000.00,2011,2020,9,4
Dyson's EV Project,Manufacturing,Electric vehicle,Lost to Tesla/Nio and high costs,EVs are a giant’s game,$2.7B,2700000000.00,2017,2019,2,4
Elio Motors,Manufacturing,Cheap three-wheeled car,Lost to Toyota/Honda and delays,Cheap cars need delivery,$30M,30000000.00,2009,2020,11,3
Essential Products,Manufacturing,Premium smartphones,Poor sales vs Apple/Samsung,Smartphone giants are unbeatable,$330M,330000000.00,2015,2020,5,4
Faraday Future,Manufacturing,Luxury electric vehicles,Mismanagement and Tesla/Rivian competition,EV hype needs execution,$3.5B,3500000000.00,2014,2023,9,5
Fisker Automotive,Manufacturing,Luxury hybrid-electric cars,Lost to Tesla and supplier failure,Luxury EVs need reliability,$1.4B,1400000000.00,2007,2013,6,5
GoPro Karma,Manufacturing,Consumer drone,Lost to DJI and recall issues,Drones need perfection,$200M,200000000.00,2015,2018,3,3
Hello,Manufacturing,Sleep-tracking orb,Lost to Fitbit/Apple Watch,Sleep tech must be wearable,$40M,40000000.00,2012,2017,5,3
Jawbone,Manufacturing,Fitness trackers/speakers,Competition and quality issues,Fitness hardware needs quality,$930M,930000000.00,2006,2017,11,3
Juicero,Manufacturing,Wi-Fi juicer,Overkill product vs Ninja/Breville,Hardware must solve real problems,$120M,120000000.00,2013,2017,4,5
Light,Manufacturing,Multi-lens camera,Smartphones caught up,Cameras can’t outrun trends,$70M,70000000.00,2013,2020,7,4
Lily Robotics,Manufacturing,Self-flying drone camera,Couldn’t deliver vs DJI,Don’t overpromise hardware,$15M+$34M pre-orders,15000000.00,2013,2017,4,5
Lytro,Manufacturing,Light-field cameras,Smartphones matched it vs Canon/Nikon,Cameras can’t beat smartphones,$200M,200000000.00,2006,2018,12,4
MakerBot,Manufacturing,Desktop 3D printers,Lost to Ultimaker/Prusa post-acquisition,3D printing needs precision,$10M+$403M acquisition,10000000.00,2009,2017,8,4
Osmo Systems,Manufacturing,IoT water sensors,Niche market vs Hach,IoT needs a big niche,$3M,3000000.00,2013,2020,7,4
Pearl Automation,Manufacturing,Car rearview cameras,Lost to Tesla/Ford built-ins,Auto tech must beat OEMs,$50M,50000000.00,2014,2017,3,3
Pebble,Manufacturing,Smartwatches,Lost to Apple Watch and sold,Smartwatches need ecosystems,$40M,40000000.00,2012,2016,4,3
Quanergy,Manufacturing,LiDAR for autonomous vehicles,Lost to Velodyne/Luminar and delays,LiDAR needs booming market,$160M,160000000.00,2012,2022,10,3
Rethink Robotics,Manufacturing,Collaborative robots,Lost to Universal Robots/Fanuc,Robotics demands ROI,$150M,150000000.00,2008,2018,10,3
Skully Helmets,Manufacturing,AR motorcycle helmets,Mismanagement and no product vs Nolan/Shoei,AR needs execution,$15M,15000000.00,2013,2016,3,5
Thalmic Labs,Manufacturing,Gesture-control armband,Lost to Leap Motion/Oculus and sold,Wearables need a killer app,$135M,135000000.00,2012,2020,8,3
Zume,Manufacturing,Robotic pizza systems,High costs vs Domino’s/Papa John’s,Food tech needs efficiency,$375M,375000000.00,2015,2023,8,3
99dresses,Retail,Fashion swapping app,Shut down 2013; low retention; funding fell through,Retention is king,$0.5M,500000.00,2010,2013,3,3
Ahalife,Retail,Curated luxury goods marketplace,Closed 2017; high marketing costs; lost to Amazon,Niche doesn't defend,$20M,20000000.00,2010,2017,7,4
AllRomance,Retail,E-book retailer for romance novels,Closed 2016; financial losses; lost to Kindle,Adapt or die,$1M,1000000.00,2006,2016,10,4
Auctionata,Retail,Online auction house for art and luxury,Shut down 2018; high costs; lost to eBay; valuation scandal,Trust and economics matter,$95M,95000000.00,2012,2018,6,4
Augury Books,Retail,Indie e-commerce bookstore for poetry,Closed 2017; couldn't scale; lost to Amazon,Niche retail bleeds,$0.5M,500000.00,2012,2017,5,3
Beepi,Retail,Peer-to-peer used car marketplace,Shut down 2017; high shipping costs; cash burned out,Costs can kill,$150M,150000000.00,2013,2017,4,4
Boxed,Retail,Bulk e-commerce platform,Bankruptcy 2021; lost to Amazon; high shipping costs,Scale trumps convenience,$326M,326000000.00,2013,2021,8,3
BurstIQ,Retail,Blockchain health data marketplace,Faded 2022; low adoption; lost to data brokers,Tech alone doesn't sell,$5.8M,5800000.00,2015,2022,7,4
Carwoo,Retail,Online car-buying platform,Closed 2015; dealers resisted; cash ran dry,Resistance stalls disruption,$15M,15000000.00,2009,2015,6,2
Catelyn,Retail,Subscription jewelry rental service,Shut down 2018; low demand; lost to Stitch Fix,Niche needs traction,$2M,2000000.00,2015,2018,3,3
Chinictown,Retail,E-commerce for Chinese gadgets,Closed 2017; lost to Amazon; shipping delays,Speed beats novelty,$1M,1000000.00,2013,2017,4,3
Combatant Gentlemen,Retail,Online menswear brand,Bankruptcy 2020; overexpansion; quality issues,Quality over growth,$35M,35000000.00,2012,2020,8,3
ContextLogic,Retail,Discount e-commerce app (Wish),Faded 2023; low-quality goods; lost to Amazon,Cheap doesn't last,$1.8B,1800000000.00,2010,2023,13,4
Crate,Retail,Online furniture rental service,Shut down 2018; soft demand; high logistics costs,Niche needs a hook,$4M,4000000.00,2014,2018,4,3
Din,Retail,Curated online grocery platform,Closed 2016; local limits; lost to Instacart,Local limits growth,$3M,3000000.00,2013,2016,3,4
Dot & Bo,Retail,Online home decor retailer,Shut down 2018; overexpansion; lost to Wayfair,Cash burn kills curation,$20M,20000000.00,2013,2018,5,3
Drizly,Retail,Alcohol delivery app,Sold 2021; faded 2023; Uber struggled with regs,Regs and giants choke,$120M,120000000.00,2012,2023,11,4
Drync,Retail,Wine e-commerce and discovery app,Closed 2019; lost to Wine.com; low margins,Niche needs volume,$7M,7000000.00,2012,2019,7,3
Ecomom,Retail,Eco-friendly baby products e-commerce,Shut down 2013; mismanagement; lost to Amazon,Execution beats ethos,$12M,12000000.00,2009,2013,4,4
ElectricObjects,Retail,Digital art screens retailer,Closed 2020; niche demand; lost to TVs,Hardware's a gamble,$6M,6000000.00,2014,2020,6,4
Fab.com,Retail,Flash-sale design retailer,Sold 2018; overexpansion; lost to Amazon,Growth needs profit,$336M,336000000.00,2011,2018,7,4
Fancy,Retail,Social e-commerce platform,Faded 2019; low conversion; lost to Amazon,Curation needs cash flow,$80M,80000000.00,2010,2019,9,2
Fashism,Retail,Fashion advice app,Closed 2014; low engagement; lost to Instagram,Social needs stickiness,$5M,5000000.00,2009,2014,5,3
Fiksu,Retail,Mobile marketing for retail apps,Faded 2018; lost to Google/Facebook ads,Giants own ads,$17M,17000000.00,2008,2018,10,3
Fobo,Retail,Local food surplus marketplace,Closed 2017; low adoption; lost to DoorDash,Supply needs demand,$2M,2000000.00,2013,2017,4,3
Gilt Taste,Retail,Gourmet food e-commerce,Shut down 2016; high costs; sold off,Luxury needs volume,$250M (Gilt),250000000.00,2011,2016,5,3
Goldbely,Retail,Gourmet food delivery service,Sold 2019; shipping costs; lost to DoorDash,Logistics eat profits,$33M,33000000.00,2012,2019,7,3
Good Eggs,Retail,Online grocery delivery,Scaled back 2022; high costs; lost to Amazon Fresh,Freshness costs,$200M,200000000.00,2011,2022,11,3
Graze,Retail,Snack subscription box,Sold 2019; faded 2020; lost to Amazon,Subscriptions need stickiness,$10M,10000000.00,2008,2019,11,2
Groupon Now,Retail,Real-time deal app,Phased out 2015; low need; lost to Yelp,Timing trumps deals,$950M (Groupon),950000000.00,2011,2015,4,3
Havenly,Retail,Online interior design service,"Startup phase ""shut down"" 2023; lost to Wayfair",Scale beats service,$85M,85000000.00,2014,2023,9,2
Heyday,Retail,Skincare e-commerce and spas,Closed 2023; lost to Sephora; high costs,Personalization's pricey,$25M,25000000.00,2018,2023,5,3
HobbyDB,Retail,Collectibles marketplace,Faded 2022; too niche; lost to eBay,Niche needs traffic,$8M,8000000.00,2014,2022,8,2
Homejoy,Retail,On-demand cleaning service,Shut down 2016; legal issues; lost to Handy,Service needs trust,$40M,40000000.00,2012,2016,4,4
Hush,Retail,Sleep products e-commerce,Closed 2020; lost to Casper; low scale,Niche needs edge,$5M,5000000.00,2016,2020,4,2
Ibotta,Retail,Cashback rewards app,Faded 2022; lost to Rakuten; low retailer uptake,Loyalty needs scale,$13M,13000000.00,2011,2022,11,1
Imercive,Retail,Interactive shopping platform,Closed 2015; lost to Amazon; low adoption,Innovation needs buyers,$2M,2000000.00,2010,2015,5,3
Incredibowl,Retail,Smoking accessories e-commerce,Closed 2015; lost to Amazon; niche limits,Niche needs volume,$1M,1000000.00,2010,2015,5,2
Ipsy,Retail,Beauty subscription box,Faded 2023; lost to Sephora; saturated market,Subscriptions saturate,$100M,100000000.00,2011,2023,12,2
Ista,Retail,Fashion rental marketplace,Closed 2018; lost to Rent the Runway; low demand,Rentals need pull,$3M,3000000.00,2013,2018,5,2
JustFab,Retail,Fashion subscription service,Faded 2022; billing complaints; lost to Nordstrom,Trust trumps trends,$76M,76000000.00,2010,2022,12,3
Karma,Retail,Mobile deals marketplace,Closed 2018; lost to Groupon; low scale,Deals need reach,$5M,5000000.00,2012,2018,6,2
Kozmo.com,Retail,Urban free delivery service,Closed 2002; free delivery killed margins; dot-com bust,Free's a trap,$110M,110000000.00,1998,2002,4,5
Lot18,Retail,Wine flash-sale site,Faded 2018; lost to Wine.com; low margins,Niche needs profit,$10M,10000000.00,2010,2018,8,3
Markafoni,Retail,Fashion e-commerce in Turkey,Closed 2018; lost to local rivals; high costs,Local giants win,$15M,15000000.00,2008,2018,10,2
Massdrop,Retail,Group-buy electronics retailer,Faded 2022; lost to Amazon; niche limits,Niche caps growth,$20M,20000000.00,2012,2022,10,2
Mayvenn,Retail,Hair extension e-commerce,Faded 2022; lost to Amazon; high costs,Niche needs scale,$40M,40000000.00,2013,2022,9,3
Memebox,Retail,Korean beauty subscription,Faded 2021; lost to Sephora; saturated market,Beauty saturates,$60M,60000000.00,2012,2021,9,2
ModCloth,Retail,Indie fashion e-commerce,Sold 2017; faded 2020; Walmart diluted it,Identity matters,$80M,80000000.00,2002,2017,15,3
MoveLoot,Retail,Used furniture marketplace,Closed 2017; logistics costs; lost to eBay,Logistics sink niches,$22M,22000000.00,2013,2017,4,4
Nasty Gal,Retail,Fast-fashion e-commerce,Bankruptcy 2017; mismanagement; lost to ASOS,Growth needs control,$160M,160000000.00,2006,2017,11,3
One Kings Lane,Retail,Home decor e-commerce,Sold 2019; lost to Wayfair; high costs,Scale beats decor,$225M,225000000.00,2009,2019,10,3
Operator,Retail,AI shopping assistant app,Closed 2020; lost to Amazon; low adoption,AI needs buyers,$10M,10000000.00,2015,2020,5,2
Outdoor Voices,Retail,Activewear e-commerce,Faded 2022; lost to Lululemon; overexpansion,Fashion needs edge,$75M,75000000.00,2013,2022,9,2
Peerby,Retail,Peer-to-peer rental marketplace,Faded 2021; low uptake; lost to eBay,Rentals need scale,$5M,5000000.00,2012,2021,9,2
PetCube,Retail,Pet tech e-commerce,Faded 2020; lost to Amazon; niche limits,Niche caps tech,$13M,13000000.00,2012,2020,8,2
Pets.com,Retail,Online pet supply retailer,Shut down 2000; high shipping costs; dot-com bust,Margins beat hype,$300M,300000000.00,1998,2000,2,5
Plum,Retail,Kids' clothing subscription,Closed 2020; lost to Amazon; low demand,Niche needs kids,$8M,8000000.00,2014,2020,6,3
Plum District,Retail,Mom-focused deal site,Faded 2017; lost to Groupon; deal fatigue,Deals fade fast,$10M,10000000.00,2010,2017,7,2
PopSugar Shop,Retail,Lifestyle e-commerce,Faded 2021; lost to Amazon; low scale,Lifestyle needs reach,$15M,15000000.00,2015,2021,6,2
Poshmark UK,Retail,UK fashion resale marketplace,Faded 2020; lost to Depop; low UK traction,Resale needs local,$70M (Poshmark),70000000.00,2012,2020,8,1
Quirky,Retail,Crowd-sourced product retailer,Bankruptcy 2019; high costs; lost to Amazon,Crowds don't profit,$79M,79000000.00,2009,2019,10,4
Raise,Retail,Gift card marketplace,Faded 2022; lost to Amazon; low margins,Gift cards need scale,$60M,60000000.00,2013,2022,9,2
Rent the Runway UK,Retail,UK fashion rental service,Faded 2021; lost to local rivals; low demand,Rentals need fit,$500M (RtR),500000000.00,2015,2021,6,2
RetailMeNot UK,Retail,UK coupon platform,Faded 2020; lost to local sites; deal fatigue,Coupons fade too,$300M (RetailMeNot),300000000.00,2012,2020,8,2
Sampling Lab,Retail,Sample product marketplace,Closed 2017; lost to Amazon; low scale,Samples need reach,$2M,2000000.00,2013,2017,4,2
Selltag,Retail,Social selling app,Closed 2016; lost to eBay; low uptake,Social needs buyers,$1M,1000000.00,2013,2016,3,2
ShopKeep,Retail,POS for small retailers,Faded 2020; lost to Square; low scale,POS needs giants,$35M,35000000.00,2008,2020,12,1
Shopkick,Retail,Retail rewards app,Faded 2020; sold to Trax; lost to Amazon,Loyalty needs giants,$15M,15000000.00,2009,2020,11,4
Shoptiques,Retail,Boutique e-commerce aggregator,Faded 2020; lost to Etsy; low scale,Boutiques need reach,$10M,10000000.00,2012,2020,8,2
Slice,Retail,Shopping tracker app,Faded 2021; lost to Amazon; low adoption,Tracking needs pull,$15M,15000000.00,2010,2021,11,2
Spring,Retail,Fashion marketplace app,Faded 2019; lost to Amazon; high costs,Fashion needs scale,$65M,65000000.00,2013,2019,6,2
Teespring,Retail,Custom apparel platform,Faded 2021; lost to Amazon; low margins,Custom needs profit,$55M,55000000.00,2011,2021,10,2
ThredUp Goody,Retail,Resale clothing subscription,Faded 2023; lost to ThredUp core; low demand,Resale needs core,$300M (ThredUp),300000000.00,2018,2023,5,2
ThriftBooks Indie,Retail,Indie used book marketplace,Faded 2020; lost to Amazon; low scale,Books need giants,$5M,5000000.00,2015,2020,5,2
Thrillist Rewards,Retail,Lifestyle rewards program,Faded 2018; lost to Amazon; low uptake,Rewards need pull,$10M,10000000.00,2013,2018,5,2
Thrive Market Organic,Retail,Organic food subscription,Faded 2023; lost to Whole Foods; high costs,Organic needs scale,$150M (Thrive),150000000.00,2018,2023,5,3
ToVieFor,Retail,Fashion deal site,Closed 2015; lost to Gilt; deal fatigue,Deals tire out,$2M,2000000.00,2010,2015,5,2
Tradesy,Retail,Luxury resale marketplace,Faded 2021; lost to The RealReal; low scale,Luxury needs reach,$75M,75000000.00,2012,2021,9,2
Trunk Club,Retail,Personal styling service,Shut down 2019; Nordstrom flopped; lost to Stitch Fix,Curation needs scale,$17M,17000000.00,2010,2019,9,3
Try.com,Retail,Try-before-you-buy fashion,Faded 2022; lost to Amazon Wardrobe; low adoption,Try needs buyers,$10M,10000000.00,2018,2022,4,2
Webvan,Retail,Online grocery delivery,Shut down 1999; overspent on warehouses; dot-com bust,Scale needs demand,$122M,122000000.00,1996,1999,3,6
Wittlebee,Retail,Kids' clothing subscription,Closed 2015; lost to Amazon; low demand,Kids need scale,$3M,3000000.00,2012,2015,3,3
Woot,Retail,Daily deal site,Sold 2010; faded 2016; lost to Amazon; deal fatigue,Deals lose steam,$5M,5000000.00,2004,2016,12,3
Yelp Deals,Retail,Local deal platform,Faded 2019; lost to Groupon; deal fatigue,Deals fade out,$500M (Yelp),500000000.00,2011,2019,8,2
Zaarly,Retail,Local service marketplace,Faded 2017; lost to TaskRabbit; low scale,Services need reach,$15M,15000000.00,2011,2017,6,2
Zappos Labs,Retail,Experimental retail projects,Faded 2018; lost to Amazon core; low impact,Experiments need wins,$1.5B (Zappos),1500000000.00,2013,2018,5,1
Zappos Local,Retail,Local shopping platform,Faded 2020; lost to Amazon; low uptake,Local needs pull,$1.5B (Zappos),1500000000.00,2015,2020,5,2
Zing,Retail,Niche gadget retailer,Closed 2018; lost to Amazon; low scale,Gadgets need giants,$3M,3000000.00,2013,2018,5,2
Zola Books,Retail,Indie e-book retailer,Faded 2019; lost to Amazon; low demand,Books need scale,$10M,10000000.00,2013,2019,6,2
Airy Labs,Information,Educational mobile games for kids,Shut down in 2012 after chaotic sprint; too many games; no focus; cash ran out,Focus beats frenzy,$1.5M,1500000.00,2010,2012,2,3
Ask Jeeves,Information,Early search engine with butler mascot,Faded by 2007; lost to Google's algorithm and ad model; sold off,Innovation isn't enough,$20M,20000000.00,1996,2007,11,1
Bebo,Information,Social networking site popular in UK,Shut down in 2019; lost to Facebook; AOL mismanagement; sold cheap,Network effects can crush,$12.8M,12800000.00,2005,2019,14,2
Burbn,Information,Check-in app with photo-sharing,Closed in 2012 but pivoted to Instagram; too cluttered; users didn't care,Pivots can save,$0.5M,500000.00,2010,2012,2,1
Canvas,Information,Collaborative document editing platform,Shut down in 2017; lost to Google Docs; Dropbox Paper; no differentiation,Stand out or drown,$9M,9000000.00,2011,2017,6,2
Change.org,Information,Petition platform for activism,"Startup phase ""shut down"" 2022; monetization alienated users; growth slowed",Mission drift costs,$50M,50000000.00,2007,2022,15,1
Chirp,Information,App to share data via sound,Closed in 2016; niche; no real problem solved; adoption lagged,Cool doesn't equal useful,$1.8M,1800000.00,2011,2016,5,2
Cloudera,Information,Big data analytics platform,Wound down 2023; lost to AWS; Google BigQuery; went private,Giants eat niches,$300M,300000000.00,2008,2023,15,2
Cocoon,Information,Privacy-focused browser,Shut down 2022; lost to VPNs; Chrome; trust waned,Trust is currency,$3M,3000000.00,2018,2022,4,3
Codeacademy,Information,Online coding lessons,"Acquired 2021; ""closed"" 2022; free tiers didn't convert; lost to Coursera",Freemium's a gamble,$42.5M,42500000.00,2011,2022,11,3
CollabFinder,Information,Matchmaking for project collaborators,Shut down 2018; too niche; lost to GitHub; LinkedIn,Networks need mass,$0.75M,750000.00,2011,2018,7,4
Color Labs,Information,Photo-sharing by location,Closed 2014; confused users; lost to Instagram; Apple absorbed,Hype can't save fit,$41M,41000000.00,2011,2014,3,5
Connect,Information,Social networking via Facebook,Shut down 2016; lost to Facebook's own features; privacy issues,Don't bet on turf,$10M,10000000.00,2010,2016,6,3
Coub,Information,Short looping video app,Closed 2021; couldn't monetize; lost to TikTok,Timing and scale brutal,$1M,1000000.00,2012,2021,9,4
Domo,Information,Business intelligence dashboards,Scaled back 2023; lost to Tableau; Power BI; high costs,Big bets need wins,$690M,690000000.00,2010,2023,13,2
Digg,Information,Social news aggregator,Faded 2018; redesign tanked; lost to Reddit; sold cheap,User loyalty fragile,$45M,45000000.00,2004,2018,14,2
Drifty,Information,Ionic mobile app framework,Closed 2019; open-source didn't monetize; lost to React Native,Free doesn't pay,$4.2M,4200000.00,2012,2019,7,2
Dropbox Paper,Information,Collaborative doc tool,Shut down 2021; lost to Google Docs; Notion,Stick to strengths,$1.7B (Dropbox),1700000000.00,2015,2021,6,2
Evernote,Information,Note-taking app,Declined 2019; bloated features; lost to OneNote,Simplicity beats bloat,$290M,290000000.00,2004,2019,15,4
Exec,Information,On-demand personal assistants,Shut down 2015; thin margins; lost to TaskRabbit,Margins matter,$3.3M,3300000.00,2012,2015,3,2
EyeEm,Information,Photo-sharing and stock platform,Shut down 2023; lost to Getty; Unsplash,Scale beats niche,$24M,24000000.00,2011,2023,12,2
Factual,Information,Location data platform,Closed 2022; merged into Foursquare; lost to Google Maps,Data's only gold if sold,$104M,104000000.00,2008,2022,14,3
Formspring,Information,Anonymous Q&A social app,Shut down 2016; bullying scared users; lost to Facebook,Toxicity's a sword,$14M,14000000.00,2009,2016,7,2
Foursquare Swarm,Information,Check-in app with badges,Ended 2021; check-ins faded; lost to Instagram,Trends fade fast,$162M (Foursquare),162000000.00,2014,2021,7,3
Friendster,Information,Early social network,Faded 2014; slow servers; lost to Facebook,Speed and UX trump,$48.5M,48500000.00,2002,2014,12,3
GeoCities,Information,Web hosting for personal pages,Shut down 2005; Yahoo neglect; lost to blogs,Adapt or atrophy,$0 (Yahoo $3.6B),3600000000.00,1994,2005,11,3
GetGlue,Information,Social TV check-in app,Closed 2016; Twitter; streaming outpaced; sold off,Niche trends risky,$24M,24000000.00,2008,2016,8,4
Gigya,Information,Social login identity tools,Ended 2018; SAP acquisition; lost to Google login,Regs and giants choke,$104.6M,104600000.00,2006,2018,12,3
Gimlet,Information,Podcasting narrative shows,Sold to Spotify 2021; couldn't scale profitably,Content's costly,$28.5M,28500000.00,2014,2021,7,2
Gowalla,Information,Location-based social app,Shut down 2012; lost to Foursquare; Facebook acquired,Winners take all,$10.4M,10400000.00,2007,2012,5,2
Grooveshark,Information,Music streaming with uploads,Shut down 2017; lawsuits over piracy; lost to Spotify,Legality's key,$4.9M,4900000.00,2006,2017,11,3
GroupMe,Information,Group messaging app,Acquired 2011; faded 2015; stagnated under Skype,Acquisition dead end,$11.5M,11500000.00,2010,2015,5,1
HootSuite Media,Information,Social media management tool,Scaled back 2023; lost to Sprout Social; native tools,Cash can't outrun,$249.9M,249900000.00,2008,2023,15,2
Houseparty,Information,Group video chat app,Shut down 2021; Epic acquired; lost to Zoom,Peaks don't last,$70M,70000000.00,2016,2021,5,4
Huddle,Information,Cloud collaboration for teams,Faded 2018; lost to Slack; Teams; sold off,Ecosystems win,$89.2M,89200000.00,2006,2018,12,3
Hulu Japan,Information,Streaming for Japan,Shut down 2019; sold to Nippon TV; lost to Netflix,Local beats generic,$680M (Hulu),680000000.00,2011,2019,8,2
IFTTT,Information,Automation connecting apps,Scaled back 2022; free users didn't pay; lost to Zapier,Free can trap,$62.5M,62500000.00,2010,2022,12,2
Inkling,Information,Digital publishing for e-books,Closed 2020; lost to Kindle; Google Books,Niche needs demand,$48M,48000000.00,2009,2020,11,2
Instagram Live,Information,Live-streaming on Instagram,Phased out 2021; lost to TikTok; Meta shifted,Features can fade,$57.5M (Instagram),57500000.00,2016,2021,5,2
Intercom,Information,Customer messaging platform,"Startup phase ""shut down"" 2023; lost to Zendesk",Giants catch up,$240.8M,240800000.00,2011,2023,12,2
Invision,Information,Design collaboration platform,Scaled back 2023; lost to Figma; Adobe,Better beats big,$350M,350000000.00,2011,2023,12,2
Jawbone,Information,Fitness trackers with data,Shut down 2017; lost to Fitbit; buggy tech,Execution outranks cash,$930M,930000000.00,1999,2017,18,3
Jetpac,Information,AI travel recommendation app,Closed 2016; Google bought; couldn't scale solo,Small can sell,$4.4M,4400000.00,2011,2016,5,2
Kik,Information,Messaging app for teens,Shut down 2022; privacy scandals; lost to WhatsApp,Trust is king,$120.5M,120500000.00,2009,2022,13,3
Knewton,Information,Adaptive learning platform,Sold 2020; overhyped AI; lost to Pearson,Prove the pudding,$182.3M,182300000.00,2008,2020,12,4
Mailbox,Information,Sleek email app,Shut down 2015; Dropbox bought; stagnated,Acquisition stalls,$5.3M,5300000.00,2012,2015,3,1
Maker Media,Information,DIY tech magazine and events,Closed 2019; print declined; events didn't cover costs,Passion doesn't pay,$10M,10000000.00,2005,2019,14,3
Medium One,Information,IoT data processing platform,Shut down 2020; lost to AWS IoT; low visibility,Giants dominate IoT,$3M,3000000.00,2014,2020,6,2
Milk,Information,Mobile apps like Oink,Closed 2014; Google bought; Oink flopped,Validate before build,$1.5M,1500000.00,2011,2014,3,2
Mixpanel,Information,User behavior analytics,"Startup phase ""shut down"" 2023; lost to Amplitude",Lead or lose,$277M,277000000.00,2009,2023,14,2
Mobli,Information,Photo and video-sharing app,Shut down 2017; lost to Instagram,Stars don't guarantee,$86M,86000000.00,2010,2017,7,2
Music.ly,Information,Lip-sync video app,Merged into TikTok 2018; couldn't scale solo,Small fish swallowed,$16.1M,16100000.00,2014,2018,4,2
MySpace,Information,Social networking pioneer,Faded 2018; lost to Facebook; News Corp mismanaged,UX trumps leads,$12.8M,12800000.00,2003,2018,15,3
Netscape,Information,First big web browser,Shut down 2003; lost to Microsoft IE,Titans tilt field,$20M,20000000.00,1994,2003,9,1
NewsTilt,Information,Platform for journalists,Closed 2012; no journalists or readers; misread need,Markets need sides,$0.5M,500000.00,2010,2012,2,2
Notion AI,Information,AI productivity feature,Phased out 2023; didn't stand out,Features need identity,$343M (Notion),343000000.00,2018,2023,5,1
Nuzzel,Information,News curation via Twitter,Shut down 2019; Scroll acquired; lost to Twitter,Platforms evolve,$5.1M,5100000.00,2012,2019,7,4
Path,Information,Private social network,Closed 2018; niche; privacy scandal,Privacy's tightrope,$59M,59000000.00,2010,2018,8,4
Periscope,Information,Live-streaming app,Shut down 2020; lost to Instagram Live,Trends shift platforms,$1.5M (Twitter $645M),1500000.00,2015,2020,5,3
Photobucket,Information,Photo-hosting site,Faded 2018; lost to Instagram; paywall backlash,Don't alienate base,$15M,15000000.00,2003,2018,15,3
Pinterest UK,Information,UK-specific curation,Phased out 2020; absorbed by global Pinterest,Global trumps silos,$1.5B (Pinterest),1500000000.00,2012,2020,8,1
Piston Cloud,Information,OpenStack cloud software,Sold 2017; lost to AWS; OpenStack free,Free kills premium,$12.5M,12500000.00,2011,2017,6,3
Plex,Information,Media server streaming,"Startup phase ""shut down"" 2023; lost to Netflix",Niche caps growth,$60M,60000000.00,2008,2023,15,4
Pocket,Information,Save-for-later app,"Acquired 2017; ""closed"" 2018; lost to Evernote",Free limits scale,$14.5M,14500000.00,2007,2018,11,3
Pulse,Information,News reader app,Sold to LinkedIn 2013; faded 2017; lost to Flipboard,Buyers can bury,$10M,10000000.00,2010,2017,7,2
Quibb,Information,Professional networking links,Shut down 2019; too niche; lost to LinkedIn,Niche needs scale,$0.75M,750000.00,2013,2019,6,4
Quid,Information,AI trend analytics,Merged 2020; lost to Google Trends,Differentiation's key,$79M,79000000.00,2008,2020,12,3
Quixey,Information,Mobile app search engine,Shut down 2017; lost to Apple/Google search,Solve a real pain,$165M,165000000.00,2009,2017,8,3
Rap Genius,Information,Lyrics annotation site,Pivoted 2020; couldn't monetize; lost to Spotify,Monetize or fade,$56.8M,56800000.00,2009,2020,11,3
Readability,Information,Reading app with subscriptions,Shut down 2015; lost to Pocket's free model,Free wins over paid,$1M,1000000.00,2009,2015,6,2
Refresh,Information,Social CRM app,"Acquired 2015; ""closed"" 2016; lost to LinkedIn",Big fish eat ideas,$10M,10000000.00,2011,2016,5,2
RethinkDB,Information,Open-source database,Shut down 2019; couldn't monetize; lost to MongoDB,Open source needs pay,$12.2M,12200000.00,2009,2019,10,2
Riffsy,Information,GIF search engine,"Acquired 2018; ""closed"" 2019; lost to Gboard",Small gets scooped,$13M,13000000.00,2013,2019,6,2
Rockmelt,Information,Social browser,Shut down 2014; lost to Chrome; Yahoo bought,Simple beats quirky,$40M,40000000.00,2009,2014,5,3
Secret,Information,Anonymous social app,Shut down 2018; toxicity scared users; lost to Whisper,Anonymity's messy,$35M,35000000.00,2014,2018,4,2
ShareThis,Information,Social sharing widget,Faded 2020; lost to native sharing,Platforms steal thunder,$64M,64000000.00,2007,2020,13,2
Songza,Information,Mood-based music streaming,"Acquired 2014; ""closed"" 2017; lost to Spotify",Small fries eaten,$6.7M,6700000.00,2007,2017,10,3
SoundCloud Go,Information,Paid streaming tier,Phased out 2022; free users didn't convert,Free roots deep,$543M (SoundCloud),543000000.00,2016,2022,6,3
Soundwave,Information,Social music tracking,Shut down 2016; lost to Spotify,Crowds beat cults,$2.5M,2500000.00,2012,2016,4,3
Spoke,Information,AI workplace chatbot,Closed 2021; lost to Slack bots,Giants gobble niches,$28M,28000000.00,2015,2021,6,2
Substack Local,Information,Local newsletter funding,Shut down 2023; costly; low readership,Local's tough sell,$82.4M (Substack),82400000.00,2020,2023,3,2
Tango,Information,Video chat with games,Faded 2020; lost to Zoom,Cash can't crowd out,$367M,367000000.00,2009,2020,11,2
Tasty Labs,Information,Social Q&A app,Shut down 2014; didn't catch on,Pedigree isn't enough,$2.5M,2500000.00,2009,2014,5,1
TinyChat,Information,Video chat rooms,Faded 2018; lost to Zoom,Basics beat quirky,$1.5M,1500000.00,2009,2018,9,2
Tinder Social,Information,Group hangout feature,Shut down 2021; confused users,Stick to your lane,$50M (Tinder),50000000.00,2016,2021,5,2
TokBox,Information,Video chat platform,"Acquired 2012; ""closed"" 2018; lost to Zoom",APIs eat pioneers,$26M,26000000.00,2007,2018,11,3
Top Hat,Information,Classroom engagement tools,"Startup phase ""shut down"" 2022; lost to Google Classroom",Niche edtech ceilings,$130.7M,130700000.00,2009,2022,13,3
Topix,Information,Local news aggregator,Shut down 2018; lost to Facebook,Social kills local,$15M,15000000.00,2004,2018,14,3
Trello Gold,Information,Premium project management,Phased out 2022; free sufficed,Free trumps upsell,$10M (Trello),10000000.00,2017,2022,5,2
Tumblr,Information,Microblogging platform,Faded 2020; Yahoo mismanaged; porn ban,Mismanagement burns,$125M,125000000.00,2007,2020,13,2
Treehouse,Information,Online coding school,Sold 2022; lost to free resources,Free eats paid,$24.6M,24600000.00,2011,2022,11,3
TuneIn Premium,Information,Paid radio streaming,Phased out 2021; free users didn't pay,Free roots stifle,$147.5M (TuneIn),147500000.00,2015,2021,6,3
Twilio SendGrid,Information,Email API service,"Startup phase ""shut down"" 2023; lost to Mailchimp",Giants crowd out,$80.9M (SendGrid),80900000.00,2015,2023,8,2
Twitter Fabric,Information,Developer toolkit,Shut down 2020; Google bought parts,Focus drifts kill,$645M (Twitter),645000000.00,2014,2020,6,3
Twitter Music,Information,Music discovery app,Shut down 2015; lost to Spotify,Stick to core,$645M (Twitter),645000000.00,2013,2015,2,2
Udacity Blitz,Information,Freelance gig platform,Shut down 2022; lost to Upwork,Extensions need traction,$163M (Udacity),163000000.00,2017,2022,5,1
Vdio,Information,Video streaming service,Shut down 2015; lost to Netflix,Timing's everything,$2M (Rdio $125M),2000000.00,2013,2015,2,3
Vine,Information,Short-video app,Shut down 2017; Twitter neglected; lost to Snapchat,Neglect kills hits,$645M (Twitter),645000000.00,2012,2017,5,3
VisiCalc,Information,First spreadsheet software,Faded 1984; lost to Lotus 1-2-3,Innovate or die,$0.5M,500000.00,1979,1984,5,2
Whisper,Information,Anonymous social app,Faded 2020; toxicity; lost to Snapchat,Anonymity's gamble,$61M,61000000.00,2012,2020,8,3
WhoSay,Information,Celeb social platform,Shut down 2019; lost to X,Middlemen get cut,$12M,12000000.00,2010,2019,9,2
Wickr,Information,Secure messaging app,"Acquired 2020; ""closed"" as standalone; lost to Signal",Privacy's crowded,$73M,73000000.00,2012,2020,8,2
Wishbone,Information,Polling app for teens,Faded 2019; lost to Instagram Stories,Fads burn out,$8M,8000000.00,2013,2019,6,4
Woo,Information,Dating app for pros,Closed 2018; lost to Tinder,Giants rule dating,$1.5M,1500000.00,2013,2018,5,3
Workable,Information,HR hiring software,"Startup phase ""shut down"" 2022; lost to Lever",Scale or stall,$84M,84000000.00,2012,2022,10,1
Xmarks,Information,Bookmark sync tool,Shut down 2014; lost to browser sync,Tech shifts bury,$2M,2000000.00,2006,2014,8,3
Xobni,Information,Email plugin,"Acquired 2013; ""closed"" 2013; lost to Gmail",Features swallow,$41.8M,41800000.00,2006,2013,7,2
Yahoo Answers,Information,Q&A platform,Shut down 2020; spam; lost to Quora,Quality beats chaos,$1B+ (Yahoo),1000000000.00,2005,2020,15,2
Yahoo Buzz,Information,Social news aggregator,Closed 2012; lost to Digg,Latecomers lose,$1B+ (Yahoo),1000000000.00,2008,2012,4,1
Yahoo Groups,Information,Online community forums,Shut down 2013; Yahoo neglect,Neglect kills legacy,$1B+ (Yahoo),1000000000.00,1998,2013,15,3
Yahoo Live,Information,Live-streaming platform,Shut down 2010; low adoption,Timing's critical,$1B+ (Yahoo),1000000000.00,2008,2010,2,2
Yammer,Information,Enterprise social network,"Acquired 2012; ""closed"" 2018; lost to Slack",Buyouts can bury,$142M,142000000.00,2008,2018,10,3
Yik Yak,Information,Anonymous local social app,Shut down 2018; toxicity; lost to Snapchat,Anonymity's beast,$73.5M,73500000.00,2013,2018,5,4
Yo,Information,Minimalist messaging app,Faded 2018; novelty; no depth,Gimmicks don't last,$1.5M,1500000.00,2014,2018,4,3
Yola,Information,Website builder,Faded 2020; lost to Wix,Polish beats early,$25M,25000000.00,2007,2020,13,2
YouNow,Information,Live-streaming app,Faded 2022; lost to Twitch,Scale owns live,$30M,30000000.00,2011,2022,11,3
Zapier Plus,Information,Premium automation tier,Phased out 2023; free sufficed,Free caps premium,$1.4M (Zapier),1400000.00,2018,2023,5,2
Zencoder,Information,Video encoding service,"Acquired 2012; ""closed"" 2017; lost to Brightcove",Small exits fast,$2M,2000000.00,2010,2017,7,1
Zendesk Chat,Information,Live chat tool,Phased out 2023; lost to Intercom,Features fade,$85.5M (Zendesk),85500000.00,2015,2023,8,2
Ziddu,Information,File-sharing platform,Faded 2019; lost to Dropbox,Free evolves fast,$1M,1000000.00,2007,2019,12,2
Zombie Labs,Information,Zombie-themed mobile games,Shut down 2020; lost to Supercell,Giants crush niches,$1.5M,1500000.00,2015,2020,5,4
Zoomdata,Information,Data visualization tool,Sold 2021; lost to Tableau,Ecosystems win,$47.2M,47200000.00,2012,2021,9,3
Zopim,Information,Live chat widget,"Acquired 2014; ""closed"" 2016; lost to Zendesk",Small sells,$3M,3000000.00,2008,2016,8,1
Zscaler Shift,Information,Cloud security analytics,Phased out 2023; lost to CrowdStrike,Sidekicks fade,$33M (Zscaler),33000000.00,2018,2023,5,2
Zulily,Information,Flash sales platform,Sold 2019; lost to Amazon,Deals die fast,$138M,138000000.00,2009,2019,10,4
Zume,Information,Predictive pizza analytics,Shut down 2022; robots flopped,Tech needs results,$375M,375000000.00,2015,2022,7,1
Zumper Pro,Information,Rental listing premium,Phased out 2021; free listings won,Free trumps tiers,$171M (Zumper),171000000.00,2015,2021,6,3
Zurb,Information,Design prototyping tool,Faded 2013; lost to Figma,Old tools rust,$1M,1000000.00,1998,2013,15,2
Zuuka,Information,Digital kids' storytelling,Shut down 2017; lost to Epic!,Kids' tech brutal,$2.5M,2500000.00,2009,2017,8,3
Zynga Games,Information,Social gaming giant,Faded 2019; mobile shift; sold 2022,Platforms shift,$866M,866000000.00,2007,2019,12,4
Bitpass,Information,Micropayment platform,Shut down 2008; friction; lost to PayPal,Friction kills,$1.5M,1500000.00,2002,2008,6,3
Blync,Information,Social polling app,Faded 2018; lost to Instagram Stories,Trends trump toys,$2M,2000000.00,2013,2018,5,3
BountyJobs,Information,Recruitment marketplace,Faded 2021; lost to LinkedIn,Scale beats middlemen,$23.5M,23500000.00,2006,2021,15,2
BranchOut,Information,LinkedIn on Facebook,Shut down 2017; lost to LinkedIn,Platforms don't mix,$49M,49000000.00,2010,2017,7,3
Burstly,Information,Mobile ad platform,"Acquired 2014; ""closed"" 2014; lost to Apple",Buyouts can end,$7.3M,7300000.00,2008,2014,6,2
CloudHammer,Information,Cloud management tool,Shut down 2012; lost to AWS,Giants rewrite rules,$1M,1000000.00,2007,2012,5,2
Crunchyroll,Information,Anime streaming platform,Sold 2021; lost to Netflix,Niches get nabbed,$4.05M,4050000.00,2006,2021,15,3
Curse,Information,Gaming community platform,"Acquired 2016; ""closed"" 2020; lost to Discord",Newcomers steal,$58M,58000000.00,2006,2020,14,3
DailyBurn,Information,Fitness video app,Sold 2010; faded 2019; lost to Fitbit,Tiny bets fade,$0.525M,525000.00,2007,2019,12,4
Dailylook,Information,Fashion subscription boxes,Faded 2020; lost to Stitch Fix,Scale trumps style,$3.5M,3500000.00,2011,2020,9,2
Datto,Information,Backup and recovery software,Sold 2022; lost to Veeam,Giants catch up,$100M,100000000.00,2007,2022,15,2
Deem,Information,Travel management platform,Sold 2014; lost to Concur,Old tech rusts,$100M,100000000.00,2000,2014,14,3
Detour,Information,Audio tour app,Sold 2019; shut down; lost to Google Maps,Free beats curated,$3M,3000000.00,2013,2019,6,3
Disruptive Media,Information,Digital content platform,Closed 2017; lost to Medium,Giants own content,$1M,1000000.00,2012,2017,5,2
Divshot,Information,Web hosting builder,"Acquired 2015; ""closed"" 2016; lost to Netlify",Small exits quick,$1.8M,1800000.00,2011,2016,5,3
Drawbridge,Information,Ad tech identity tracking,Sold 2021; privacy regs; lost to Google,Regs reshape ads,$46.5M,46500000.00,2011,2021,10,4
Dunwello,Information,Freelancer review platform,Closed 2018; lost to Upwork,Networks need mass,$1.2M,1200000.00,2013,2018,5,3
Everalbum,Information,Photo storage app,Shut down 2019; lost to Google Photos,Giants own storage,$2M,2000000.00,2013,2019,6,2
Friend.ly,Information,Social Q&A app,Closed 2013; lost to X,Fads need legs,$1M,1000000.00,2010,2013,3,2
Frontback,Information,Dual-camera photo app,Shut down 2016; lost to Instagram,Quirks don't scale,$3M,3000000.00,2013,2016,3,3
Froyo,Information,Social gaming app,Closed 2016; lost to Candy Crush,Hits beat casual,$1.5M,1500000.00,2012,2016,4,3
GoAnimate,Information,DIY animation tool,Sold 2021; lost to Powtoon,Scale beats tools,$10M,10000000.00,2007,2021,14,3
Hitpost,Information,Sports social app,Closed 2013; lost to X,Giants own fandom,$1M,1000000.00,2009,2013,4,2
Homer,Information,Kids' reading app,Sold 2019; lost to Epic!,Kids' ed needs scale,$2.2M,2200000.00,2013,2019,6,3
Hot Potato,Information,Social check-in app,Acquired 2011; shut down; lost to Foursquare,Early exits end,$1.4M,1400000.00,2009,2011,2,2
Humanoid,Information,Content curation platform,Closed 2017; lost to Medium,Curation needs clout,$1M,1000000.00,2012,2017,5,2
